TestB,Total
100,199
98,198
100,197
91,191
100,190
92,190
87,185
100,181
85,181
98,181
85,180
100,180
89,179
98,179
87,179
91,177
98,176
88,176
93,175
91,175
82,174
87,173
80,173
96,172
83,171
90,171
80,171
74,170
87,169
86,169
91,169
78,169
90,168
86,168
89,168
81,167
77,167
78,167
78,167
81,167
83,167
90,166
84,166
86,166
92,166
87,166
77,166
87,165
93,165
82,164
80,164
87,164
90,164
89,164
82,163
86,163
70,163
86,163
86,163
83,163
85,163
89,163
83,163
85,163
93,163
75,162
80,162
82,162
78,162
78,162
83,162
76,162
80,162
82,162
72,162
78,162
84,162
78,161
73,161
91,161
77,161
80,161
86,161
70,161
76,160
84,160
80,160
89,160
75,160
79,160
90,160
80,160
79,159
79,159
73,159
77,159
79,159
85,159
87,159
86,159
99,159
72,159
75,159
80,159
73,158
87,158
70,158
84,158
79,158
77,158
77,158
74,158
80,158
79,158
89,158
78,158
83,158
78,158
65,157
82,157
91,157
82,157
76,157
85,157
75,157
79,157
85,157
90,157
82,157
78,157
70,157
82,156
79,156
74,156
85,156
84,156
87,156
75,156
91,156
88,156
68,156
74,156
90,156
71,156
80,156
79,156
70,156
95,156
90,156
78,156
74,156
78,156
82,155
73,155
63,155
77,155
78,155
84,155
70,155
74,155
77,155
73,155
78,155
86,155
76,155
84,155
83,154
78,154
87,154
74,154
76,154
74,154
77,154
84,154
83,154
75,154
70,154
74,154
70,154
76,154
70,154
71,154
76,154
81,154
86,154
73,154
83,153
79,153
74,153
77,153
74,153
70,153
74,153
78,153
82,153
69,153
71,152
74,152
75,152
73,152
87,152
75,152
65,152
69,152
73,152
74,152
66,152
78,152
83,152
72,152
70,152
73,152
72,152
70,152
76,152
77,152
74,152
67,152
82,152
73,152
58,152
78,152
74,152
77,151
81,151
75,151
76,151
78,151
75,151
77,151
76,151
71,151
66,151
72,151
69,151
82,151
69,151
80,151
82,151
79,151
76,151
74,151
86,151
85,151
64,151
78,151
70,151
72,151
68,151
75,151
75,151
71,150
72,150
68,150
76,150
68,150
79,150
70,150
74,150
68,150
67,150
65,150
68,150
74,150
67,150
90,150
76,150
75,150
76,150
74,149
81,149
72,149
68,149
71,149
80,149
76,149
71,149
67,149
68,149
75,149
77,149
85,149
72,149
77,149
69,149
69,149
71,149
68,149
74,149
76,149
74,149
81,149
81,149
73,149
71,148
74,148
75,148
70,148
69,148
65,148
79,148
69,148
68,148
75,148
72,148
80,148
70,148
79,148
68,148
74,148
76,148
70,148
73,148
67,148
73,148
85,148
69,148
69,148
74,148
81,148
71,147
69,147
70,147
73,147
84,147
72,147
71,147
70,147
73,147
71,147
65,147
55,147
74,147
71,147
75,147
76,147
70,147
67,147
74,147
73,147
69,147
64,147
66,147
75,147
61,147
69,147
78,147
74,147
70,147
76,147
66,147
68,146
71,146
68,146
75,146
62,146
66,146
62,146
67,146
70,146
69,146
64,146
66,146
88,146
77,146
69,146
78,146
69,146
73,146
73,146
61,146
70,146
69,146
73,146
71,146
76,146
70,146
66,146
66,146
69,146
72,146
68,146
76,146
79,146
74,146
74,146
74,146
71,146
73,146
66,146
76,146
68,146
67,146
74,146
70,146
67,146
70,146
72,146
80,146
64,146
79,146
71,146
80,145
67,145
67,145
76,145
64,145
69,145
82,145
78,145
62,145
75,145
74,145
68,145
68,145
72,145
64,145
71,145
72,145
74,145
81,145
80,145
81,145
73,145
63,145
66,145
73,145
67,145
69,145
75,145
79,145
76,145
71,145
62,145
70,145
64,145
76,145
74,144
78,144
73,144
60,144
70,144
72,144
70,144
65,144
68,144
72,144
64,144
65,144
71,144
66,144
69,144
70,144
67,144
77,144
72,144
77,144
64,144
67,144
70,144
71,144
77,144
66,144
59,144
73,144
62,144
76,144
79,144
72,144
68,144
76,144
65,144
76,144
71,144
63,144
79,143
72,143
69,143
67,143
75,143
69,143
69,143
71,143
71,143
64,143
76,143
71,143
65,143
63,143
69,143
76,143
75,143
81,143
76,143
58,143
67,143
61,143
71,143
73,143
72,143
64,143
70,143
85,143
57,143
68,143
68,143
70,143
57,143
71,143
67,143
75,143
74,143
73,143
64,143
71,143
72,143
70,143
72,143
74,143
69,142
66,142
63,142
69,142
70,142
64,142
67,142
79,142
74,142
68,142
68,142
81,142
72,142
67,142
80,142
64,142
69,142
75,142
62,142
73,142
63,142
59,142
72,142
77,142
70,142
66,142
64,142
66,142
61,142
71,142
72,142
64,142
63,142
76,142
70,142
67,142
55,142
64,142
64,142
65,142
64,142
68,142
68,142
70,142
71,142
58,142
62,142
58,142
67,142
73,142
70,142
61,142
69,142
62,142
60,142
62,142
73,141
58,141
59,141
64,141
68,141
58,141
62,141
65,141
68,141
79,141
73,141
79,141
74,141
67,141
60,141
56,141
67,141
69,141
77,141
70,141
64,141
58,141
75,141
65,141
69,141
74,141
73,141
60,141
65,141
52,141
65,141
67,141
59,141
76,141
62,141
64,141
84,141
68,141
67,141
65,141
70,141
70,141
67,140
66,140
70,140
58,140
71,140
73,140
69,140
75,140
65,140
62,140
64,140
68,140
65,140
65,140
63,140
55,140
66,140
67,140
62,140
70,140
68,140
68,140
74,140
67,140
58,140
76,140
71,140
62,140
74,140
68,140
79,140
52,140
72,140
68,140
64,140
68,140
79,140
81,140
67,140
59,140
68,140
59,140
65,140
66,140
69,140
66,140
70,140
71,140
70,140
61,140
67,140
67,140
63,139
60,139
64,139
64,139
72,139
67,139
73,139
62,139
69,139
73,139
72,139
60,139
72,139
76,139
66,139
77,139
67,139
64,139
67,139
69,139
58,139
54,139
65,139
74,139
64,139
69,139
80,139
62,139
63,139
68,139
67,139
68,139
61,139
63,139
63,139
66,139
66,139
68,139
54,139
72,139
67,139
67,139
63,139
66,139
56,139
63,139
61,138
61,138
56,138
68,138
65,138
73,138
75,138
57,138
69,138
65,138
69,138
74,138
65,138
65,138
52,138
60,138
72,138
67,138
62,138
75,138
66,138
74,138
60,138
73,138
60,138
68,138
64,138
59,138
64,138
64,138
66,138
63,138
70,138
57,138
62,138
62,138
65,138
68,138
59,138
58,138
65,138
63,138
62,138
71,138
53,138
72,138
72,138
70,138
72,138
60,138
64,138
62,138
64,138
67,138
70,138
59,138
50,138
79,137
66,137
59,137
69,137
65,137
60,137
67,137
61,137
66,137
62,137
77,137
63,137
70,137
68,137
62,137
64,137
65,137
69,137
63,137
70,137
76,137
66,137
70,137
63,137
60,137
48,137
71,137
73,137
61,137
63,137
66,137
62,137
67,137
78,137
77,137
57,137
59,137
64,137
63,137
60,137
71,137
65,137
67,137
58,137
72,137
60,137
74,137
61,137
59,137
65,137
59,137
66,137
66,137
62,137
54,137
66,137
65,137
63,137
67,137
51,137
60,137
68,137
70,136
74,136
67,136
65,136
71,136
61,136
61,136
63,136
54,136
66,136
60,136
62,136
51,136
64,136
59,136
65,136
64,136
73,136
64,136
56,136
71,136
69,136
68,136
61,136
63,136
61,136
67,136
72,136
65,136
61,136
61,136
65,136
70,136
73,136
67,136
63,136
63,136
69,136
73,136
63,136
57,136
71,136
59,136
58,136
59,136
71,136
65,136
63,136
70,136
65,136
66,136
72,136
68,136
70,136
64,136
68,135
58,135
62,135
66,135
59,135
63,135
67,135
70,135
73,135
69,135
69,135
55,135
67,135
71,135
61,135
64,135
54,135
59,135
70,135
61,135
68,135
62,135
71,135
63,135
62,135
59,135
64,135
69,135
59,135
68,135
64,135
67,135
61,135
66,135
63,135
59,135
51,135
60,135
66,135
69,135
68,135
52,135
63,135
61,135
63,135
52,135
63,135
56,135
67,135
66,135
67,135
61,135
47,135
71,135
65,134
53,134
72,134
61,134
66,134
79,134
70,134
72,134
58,134
71,134
65,134
75,134
73,134
64,134
69,134
56,134
67,134
68,134
62,134
68,134
67,134
60,134
66,134
68,134
68,134
58,134
70,134
64,134
61,134
56,134
71,134
70,134
71,134
64,134
52,134
60,134
71,134
66,134
56,134
62,134
61,134
64,134
73,134
66,134
58,134
75,134
62,134
59,134
56,134
62,134
73,134
64,134
60,134
70,134
64,134
54,134
64,134
62,134
62,134
63,134
59,134
69,134
70,134
60,134
61,134
63,134
60,133
69,133
70,133
57,133
63,133
52,133
61,133
54,133
64,133
59,133
72,133
56,133
66,133
71,133
63,133
57,133
64,133
62,133
65,133
70,133
46,133
66,133
54,133
55,133
57,133
68,133
65,133
66,133
75,133
60,133
64,133
60,133
72,133
69,133
63,133
53,133
66,133
63,133
59,133
63,133
63,133
72,133
61,133
66,133
65,133
64,133
60,133
73,133
68,133
65,133
62,133
64,133
64,133
60,133
65,133
62,133
52,133
72,133
68,133
76,133
65,133
49,133
60,133
63,133
59,133
52,133
61,133
57,133
75,133
55,133
65,133
56,133
62,133
57,133
61,133
61,133
68,133
60,133
54,133
74,133
67,133
61,133
63,133
67,133
61,133
66,133
57,133
61,132
66,132
57,132
55,132
53,132
63,132
56,132
67,132
71,132
70,132
67,132
63,132
63,132
58,132
61,132
63,132
59,132
48,132
63,132
54,132
57,132
57,132
60,132
54,132
61,132
74,132
61,132
59,132
58,132
62,132
57,132
49,132
62,132
63,132
65,132
73,132
62,132
66,132
60,132
71,132
66,132
73,132
59,132
63,132
68,132
59,132
65,132
63,132
62,132
71,132
64,132
65,132
67,132
69,132
61,132
65,132
52,132
66,132
65,132
51,132
61,132
57,132
59,132
57,132
65,132
58,132
59,132
73,132
69,132
63,132
65,132
65,132
63,132
58,132
64,132
61,131
67,131
61,131
64,131
59,131
61,131
57,131
67,131
57,131
57,131
60,131
61,131
57,131
72,131
61,131
73,131
66,131
66,131
68,131
71,131
59,131
62,131
65,131
61,131
66,131
62,131
69,131
59,131
59,131
51,131
59,131
63,131
61,131
47,131
50,131
55,131
70,131
67,131
49,131
56,131
63,131
63,131
56,131
66,131
63,131
66,131
62,131
57,131
69,131
72,131
65,131
71,131
49,131
56,131
74,131
65,131
60,131
61,131
56,131
62,131
52,131
65,131
66,131
52,131
62,131
63,131
65,131
54,131
58,131
63,131
63,131
68,131
61,131
54,131
59,131
57,131
67,131
56,131
65,131
66,131
59,131
61,131
54,131
66,131
65,130
70,130
73,130
55,130
65,130
52,130
55,130
57,130
51,130
64,130
64,130
67,130
67,130
52,130
57,130
61,130
54,130
56,130
65,130
68,130
62,130
52,130
62,130
63,130
73,130
60,130
53,130
53,130
68,130
53,130
60,130
55,130
57,130
65,130
70,130
58,130
68,130
70,130
56,130
57,130
62,130
58,130
66,130
67,130
62,130
66,130
61,130
74,130
70,130
70,130
47,130
57,130
67,130
64,130
50,130
63,130
55,130
53,130
59,130
65,130
69,130
64,130
52,130
67,130
65,130
62,130
40,130
66,130
57,130
64,130
56,130
51,130
63,130
52,130
64,130
65,129
59,129
61,129
59,129
69,129
58,129
53,129
52,129
59,129
57,129
61,129
64,129
62,129
50,129
67,129
68,129
57,129
66,129
50,129
62,129
58,129
53,129
67,129
57,129
58,129
71,129
68,129
58,129
55,129
64,129
68,129
50,129
59,129
70,129
64,129
59,129
71,129
62,129
56,129
63,129
54,129
65,129
61,129
52,129
55,129
53,129
67,129
67,129
62,129
53,129
63,129
64,129
55,129
62,129
46,129
49,129
59,129
59,129
59,129
57,129
74,129
61,129
54,129
55,129
65,129
61,129
67,129
60,129
57,129
54,129
62,129
60,129
63,129
61,129
57,129
57,129
60,129
58,129
58,129
57,129
54,129
51,129
53,129
65,129
54,129
61,129
63,129
58,129
63,129
56,129
65,129
60,129
70,129
49,129
62,129
59,129
60,129
63,129
63,129
58,129
54,129
50,129
57,129
65,129
59,129
55,129
53,129
61,129
60,129
59,129
54,129
64,129
49,128
69,128
72,128
59,128
59,128
65,128
54,128
55,128
64,128
58,128
65,128
50,128
57,128
62,128
58,128
70,128
53,128
59,128
61,128
58,128
52,128
61,128
57,128
44,128
67,128
58,128
52,128
61,128
56,128
67,128
58,128
56,128
61,128
49,128
53,128
59,128
66,128
56,128
68,128
66,128
50,128
51,128
67,128
55,128
55,128
60,128
71,128
67,128
55,128
55,128
60,128
57,128
55,128
60,128
57,128
61,128
56,128
50,128
56,128
50,128
53,128
62,128
61,128
57,128
55,128
52,128
60,128
57,128
59,128
57,128
45,128
56,128
55,128
64,128
66,128
62,128
52,128
67,128
62,128
61,128
65,128
47,128
53,128
58,128
66,128
61,128
59,127
60,127
58,127
58,127
64,127
57,127
67,127
63,127
49,127
63,127
62,127
58,127
67,127
46,127
58,127
52,127
60,127
52,127
57,127
73,127
66,127
49,127
58,127
69,127
52,127
62,127
61,127
58,127
68,127
53,127
63,127
64,127
60,127
47,127
50,127
61,127
65,127
54,127
49,127
58,127
55,127
55,127
57,127
61,127
48,127
53,127
54,127
53,127
69,127
68,127
62,127
75,127
54,127
58,127
61,127
68,127
68,127
51,127
59,127
58,127
53,127
59,127
52,127
58,127
55,127
61,127
47,127
63,127
53,127
64,127
54,127
67,127
58,127
58,127
57,127
57,127
53,127
54,127
61,127
57,127
52,127
49,127
57,127
70,127
65,127
57,127
67,127
55,127
61,127
68,127
59,127
55,127
56,127
56,127
56,127
73,127
61,127
58,127
64,127
69,127
67,127
59,127
58,127
65,127
61,127
59,126
58,126
65,126
60,126
55,126
46,126
67,126
59,126
58,126
62,126
50,126
54,126
55,126
47,126
59,126
58,126
66,126
59,126
61,126
54,126
60,126
60,126
52,126
58,126
64,126
46,126
66,126
66,126
49,126
55,126
52,126
51,126
62,126
64,126
50,126
47,126
58,126
49,126
57,126
57,126
60,126
62,126
62,126
52,126
55,126
60,126
52,126
61,126
56,126
57,126
54,126
67,126
59,126
45,126
59,126
54,126
54,126
54,126
57,126
68,126
56,126
55,126
60,126
65,126
57,126
47,126
56,126
56,126
60,126
57,126
60,126
65,126
63,126
59,126
59,126
52,126
65,126
55,126
55,126
45,126
64,126
59,126
47,126
66,126
55,126
52,126
67,126
50,126
58,126
61,126
71,126
47,126
57,126
58,126
55,126
61,126
50,126
64,126
72,126
51,126
57,126
54,126
52,126
59,126
66,126
53,126
65,126
58,126
48,126
51,126
56,126
62,126
57,126
69,126
61,126
49,126
70,126
57,126
53,126
45,126
59,126
53,126
54,126
57,126
58,126
52,126
54,126
54,126
63,126
60,126
60,126
58,126
61,126
51,126
56,125
62,125
63,125
59,125
58,125
65,125
63,125
53,125
57,125
61,125
62,125
53,125
50,125
46,125
57,125
57,125
51,125
53,125
47,125
59,125
64,125
54,125
52,125
54,125
57,125
56,125
65,125
53,125
52,125
57,125
64,125
50,125
48,125
60,125
64,125
55,125
57,125
53,125
62,125
62,125
59,125
50,125
58,125
57,125
45,125
52,125
50,125
59,125
52,125
61,125
53,125
50,125
63,125
54,125
60,125
50,125
43,125
61,125
65,125
58,125
66,125
59,125
71,125
46,125
47,125
54,125
63,125
54,125
66,125
55,125
42,125
56,125
59,125
57,125
56,125
59,125
56,125
60,125
55,125
61,125
53,125
47,125
60,125
60,125
69,125
48,125
56,125
52,125
48,125
65,125
53,125
37,125
54,125
55,125
51,125
65,125
62,125
46,125
62,125
60,125
56,125
62,125
60,125
50,124
56,124
57,124
40,124
62,124
69,124
55,124
46,124
63,124
54,124
48,124
67,124
55,124
53,124
60,124
53,124
54,124
54,124
47,124
61,124
54,124
54,124
63,124
47,124
61,124
56,124
52,124
59,124
60,124
51,124
63,124
61,124
55,124
46,124
60,124
53,124
61,124
65,124
55,124
47,124
70,124
49,124
57,124
57,124
62,124
54,124
63,124
62,124
65,124
55,124
55,124
49,124
55,124
56,124
43,124
53,124
54,124
43,124
62,124
49,124
49,124
53,124
50,124
65,124
59,124
56,124
56,124
64,124
60,124
58,124
43,124
55,124
54,124
53,124
52,124
58,124
57,124
47,124
46,124
62,124
51,124
59,124
59,124
58,124
51,124
60,124
61,124
55,124
60,124
61,124
44,124
57,124
64,124
52,124
54,124
53,124
61,124
53,124
60,124
58,124
52,124
54,124
58,124
54,124
61,124
63,124
60,124
55,124
56,124
55,124
60,124
58,124
47,124
63,124
55,124
58,124
58,124
62,124
59,124
47,124
59,124
51,124
59,124
57,124
53,124
72,124
68,124
52,124
68,124
60,124
66,124
56,124
58,124
64,124
64,124
64,123
65,123
65,123
50,123
45,123
54,123
71,123
68,123
48,123
61,123
58,123
61,123
46,123
49,123
52,123
46,123
53,123
53,123
63,123
59,123
59,123
59,123
54,123
57,123
73,123
58,123
47,123
52,123
55,123
52,123
51,123
57,123
48,123
54,123
63,123
50,123
70,123
53,123
50,123
60,123
63,123
47,123
55,123
52,123
67,123
51,123
63,123
52,123
66,123
55,123
58,123
49,123
65,123
66,123
53,123
57,123
56,123
63,123
54,123
53,123
65,123
63,123
66,123
58,123
55,123
47,123
70,123
60,123
58,123
60,123
53,123
50,123
48,123
69,123
53,123
62,123
55,123
60,123
61,123
49,123
46,123
45,123
66,123
56,123
61,123
58,123
58,123
66,123
61,123
56,123
52,123
55,123
57,123
58,123
71,123
56,123
55,123
59,123
55,123
48,123
53,123
50,123
55,123
53,123
66,123
47,123
53,123
57,123
59,122
62,122
48,122
52,122
52,122
53,122
57,122
50,122
48,122
53,122
53,122
67,122
55,122
56,122
70,122
52,122
67,122
55,122
48,122
58,122
61,122
53,122
48,122
56,122
53,122
67,122
54,122
65,122
52,122
68,122
52,122
53,122
58,122
59,122
56,122
60,122
63,122
68,122
59,122
45,122
61,122
55,122
53,122
47,122
60,122
60,122
57,122
59,122
59,122
52,122
59,122
48,122
51,122
55,122
46,122
51,122
47,122
63,122
63,122
59,122
51,122
47,122
63,122
61,122
49,122
36,122
49,122
57,122
54,122
62,122
49,122
45,122
66,122
56,122
56,122
56,122
55,122
55,122
63,122
56,122
52,122
50,122
56,122
50,122
59,122
51,122
54,122
57,122
50,122
64,122
65,122
55,122
49,122
57,122
56,122
54,122
54,122
34,122
54,122
56,122
63,122
57,122
53,122
58,122
56,122
58,122
59,122
59,122
57,122
55,122
47,122
53,122
44,122
65,122
63,122
52,122
57,121
52,121
66,121
50,121
62,121
49,121
49,121
52,121
75,121
50,121
49,121
45,121
50,121
39,121
48,121
66,121
54,121
49,121
44,121
58,121
43,121
54,121
50,121
50,121
47,121
60,121
52,121
56,121
54,121
48,121
50,121
54,121
63,121
61,121
48,121
58,121
49,121
55,121
61,121
54,121
57,121
52,121
42,121
49,121
52,121
45,121
41,121
55,121
57,121
60,121
51,121
54,121
59,121
52,121
42,121
56,121
57,121
53,121
62,121
49,121
57,121
56,121
54,121
49,121
52,121
48,121
45,121
45,121
53,121
57,121
55,121
68,121
63,121
59,121
58,121
44,121
53,121
49,121
55,121
43,121
64,121
55,121
65,121
63,121
51,121
53,121
47,121
59,121
56,121
61,121
63,121
50,121
57,121
60,121
47,121
44,121
55,121
52,121
48,121
53,121
59,121
46,121
54,121
50,121
52,121
49,121
50,121
50,121
49,121
64,121
57,121
58,121
53,121
60,121
53,121
55,121
54,121
52,121
46,121
65,121
64,121
56,121
60,121
65,121
49,121
59,121
55,121
41,121
47,121
60,120
56,120
65,120
53,120
63,120
47,120
61,120
57,120
50,120
57,120
66,120
62,120
58,120
54,120
59,120
51,120
46,120
58,120
44,120
47,120
58,120
56,120
52,120
44,120
57,120
51,120
51,120
56,120
55,120
57,120
52,120
52,120
51,120
56,120
54,120
52,120
57,120
56,120
51,120
49,120
58,120
50,120
59,120
53,120
46,120
55,120
57,120
58,120
43,120
59,120
54,120
57,120
49,120
59,120
49,120
59,120
48,120
48,120
48,120
59,120
63,120
55,120
50,120
56,120
48,120
53,120
60,120
51,120
53,120
46,120
46,120
72,120
51,120
55,120
45,120
53,120
58,120
53,120
44,120
55,120
55,120
57,120
48,120
50,120
61,120
57,120
49,120
54,120
57,120
66,120
51,120
44,120
63,120
55,120
65,120
53,120
57,120
48,120
54,120
45,120
46,120
50,120
51,120
51,120
64,120
50,120
46,120
50,120
53,120
56,120
53,120
45,120
44,120
47,120
55,120
59,120
51,120
52,119
60,119
53,119
55,119
58,119
51,119
58,119
45,119
63,119
51,119
57,119
56,119
43,119
51,119
47,119
41,119
58,119
56,119
57,119
48,119
47,119
61,119
47,119
52,119
52,119
55,119
47,119
47,119
57,119
49,119
44,119
52,119
44,119
41,119
60,119
57,119
50,119
56,119
48,119
51,119
59,119
59,119
48,119
50,119
54,119
61,119
50,119
56,119
47,119
44,119
58,119
61,119
70,119
38,119
46,119
50,119
58,119
52,119
49,119
60,119
49,119
53,119
56,119
47,119
45,119
53,119
43,119
57,119
56,119
51,119
49,119
43,119
51,119
46,119
50,119
60,119
49,119
52,119
50,119
56,119
51,119
46,119
53,119
64,119
61,119
59,119
62,119
48,119
44,119
55,119
60,119
60,119
59,119
42,119
55,119
56,119
49,119
42,119
57,119
59,119
55,119
42,119
51,119
53,119
56,119
54,119
51,119
63,119
55,119
45,119
58,119
56,119
46,119
63,119
39,119
50,119
44,119
46,119
57,119
53,119
46,119
50,119
49,119
53,119
44,119
50,119
64,119
47,119
61,119
59,119
60,119
54,119
47,119
47,119
49,118
60,118
44,118
68,118
61,118
54,118
49,118
49,118
47,118
48,118
55,118
49,118
49,118
48,118
65,118
60,118
42,118
63,118
48,118
44,118
47,118
47,118
46,118
44,118
61,118
49,118
40,118
54,118
43,118
56,118
53,118
46,118
62,118
54,118
51,118
48,118
46,118
53,118
48,118
64,118
45,118
52,118
47,118
55,118
57,118
56,118
50,118
58,118
52,118
48,118
36,118
57,118
51,118
49,118
53,118
55,118
53,118
62,118
48,118
43,118
54,118
53,118
47,118
56,118
47,118
50,118
55,118
47,118
49,118
63,118
58,118
57,118
59,118
53,118
58,118
46,118
44,118
52,118
49,118
49,118
51,118
58,118
49,118
54,118
55,118
56,118
51,118
40,118
55,118
56,118
58,118
57,118
49,118
43,118
44,118
46,118
56,118
48,118
43,118
49,118
53,118
58,118
57,118
56,118
44,118
51,118
43,118
47,118
53,118
51,118
59,118
59,118
47,118
47,118
46,118
47,118
52,118
58,118
55,118
50,118
65,118
59,118
46,118
59,118
50,118
40,118
52,118
63,118
44,118
54,118
42,118
48,118
51,118
51,118
53,118
48,118
61,118
48,118
45,118
29,118
51,118
39,118
52,118
41,118
49,118
53,118
45,117
34,117
51,117
51,117
59,117
47,117
52,117
66,117
55,117
46,117
59,117
49,117
45,117
50,117
58,117
58,117
56,117
55,117
51,117
46,117
48,117
58,117
44,117
51,117
50,117
62,117
48,117
54,117
66,117
58,117
46,117
54,117
54,117
61,117
54,117
58,117
55,117
46,117
59,117
58,117
59,117
56,117
44,117
55,117
50,117
57,117
65,117
56,117
49,117
52,117
55,117
60,117
56,117
52,117
63,117
50,117
55,117
59,117
58,117
45,117
51,117
41,117
48,117
54,117
46,117
46,117
59,117
51,117
52,117
44,117
50,117
42,117
50,117
48,117
44,117
50,117
59,117
52,117
40,117
57,117
54,117
52,117
51,117
49,117
44,117
55,117
54,117
41,117
60,117
44,117
56,117
64,117
41,117
53,117
60,117
46,117
45,117
53,117
62,117
54,117
59,117
44,117
48,117
45,117
56,117
51,117
62,117
51,117
52,117
45,117
40,117
46,117
42,117
58,117
42,117
60,117
50,117
49,117
52,117
45,117
45,117
49,117
57,117
55,117
51,117
51,117
52,117
55,117
48,117
48,117
52,117
36,117
48,117
55,117
52,117
50,117
49,117
51,117
51,117
41,117
55,117
55,117
50,117
53,117
44,117
61,117
51,117
55,116
49,116
59,116
53,116
54,116
52,116
51,116
52,116
55,116
50,116
56,116
58,116
54,116
43,116
54,116
56,116
37,116
54,116
42,116
44,116
58,116
50,116
54,116
54,116
51,116
39,116
61,116
40,116
37,116
54,116
51,116
54,116
55,116
50,116
46,116
43,116
43,116
47,116
52,116
52,116
50,116
51,116
42,116
50,116
50,116
42,116
47,116
49,116
42,116
58,116
48,116
62,116
55,116
38,116
57,116
57,116
55,116
45,116
47,116
46,116
60,116
51,116
58,116
36,116
58,116
47,116
46,116
44,116
57,116
52,116
60,116
44,116
56,116
47,116
44,116
56,116
45,116
48,116
41,116
46,116
56,116
63,116
52,116
51,116
52,116
51,116
52,116
56,116
48,116
43,116
52,116
51,116
44,116
56,116
44,116
42,116
52,116
55,116
58,116
44,116
57,116
58,116
46,116
56,116
51,116
51,116
41,116
54,116
53,116
59,116
41,116
41,116
52,116
48,116
52,116
53,116
50,116
57,116
56,116
46,116
49,116
61,116
39,116
46,116
54,116
42,116
59,116
58,116
51,116
41,116
57,116
55,116
45,116
57,116
49,116
59,116
57,116
46,116
42,116
56,116
47,116
44,116
55,116
42,115
62,115
54,115
45,115
49,115
50,115
56,115
49,115
45,115
55,115
65,115
56,115
43,115
56,115
43,115
50,115
44,115
49,115
52,115
49,115
51,115
43,115
53,115
55,115
52,115
43,115
50,115
44,115
49,115
48,115
60,115
47,115
44,115
42,115
43,115
60,115
53,115
49,115
47,115
44,115
46,115
40,115
53,115
46,115
57,115
55,115
41,115
49,115
40,115
47,115
46,115
38,115
47,115
42,115
60,115
49,115
63,115
31,115
50,115
54,115
48,115
40,115
37,115
55,115
38,115
49,115
54,115
44,115
58,115
51,115
50,115
55,115
49,115
56,115
48,115
44,115
47,115
51,115
40,115
62,115
47,115
53,115
47,115
46,115
48,115
56,115
51,115
42,115
54,115
66,115
60,115
59,115
60,115
46,115
49,115
46,115
52,115
50,115
60,115
50,115
47,115
41,115
55,115
55,115
47,115
53,115
56,115
45,115
55,115
50,115
50,115
46,115
53,115
56,115
52,115
49,115
53,115
58,115
64,115
42,115
54,115
42,115
44,115
49,114
49,114
54,114
53,114
47,114
53,114
45,114
53,114
53,114
49,114
43,114
51,114
38,114
51,114
46,114
55,114
36,114
39,114
54,114
53,114
46,114
47,114
44,114
43,114
61,114
52,114
44,114
52,114
48,114
52,114
51,114
56,114
49,114
35,114
48,114
49,114
52,114
59,114
46,114
57,114
43,114
48,114
46,114
41,114
54,114
49,114
50,114
48,114
51,114
43,114
45,114
40,114
55,114
53,114
43,114
54,114
64,114
45,114
44,114
47,114
59,114
52,114
45,114
53,114
46,114
46,114
52,114
45,114
55,114
51,114
60,114
52,114
62,114
46,114
49,114
52,114
61,114
43,114
50,114
51,114
62,114
50,114
46,114
42,114
46,114
46,114
52,114
55,114
52,114
45,114
57,114
45,114
48,114
59,114
41,114
43,114
44,114
56,114
41,114
47,114
51,114
46,114
46,114
42,114
59,114
50,114
48,114
51,114
46,114
41,114
57,114
49,114
56,114
43,114
48,114
60,114
52,114
41,114
46,114
43,114
46,114
53,114
55,114
51,114
52,114
49,114
51,114
53,114
55,114
45,114
50,114
43,114
48,114
48,114
45,114
48,114
49,114
44,114
53,114
48,114
62,114
57,114
46,114
56,114
50,114
51,114
48,114
59,114
40,114
40,114
56,114
51,114
50,113
53,113
60,113
50,113
49,113
55,113
50,113
48,113
54,113
45,113
49,113
53,113
43,113
43,113
53,113
45,113
64,113
50,113
51,113
44,113
56,113
46,113
47,113
46,113
39,113
56,113
50,113
56,113
47,113
57,113
46,113
56,113
57,113
41,113
56,113
54,113
50,113
50,113
52,113
44,113
55,113
52,113
49,113
44,113
53,113
52,113
51,113
38,113
44,113
51,113
41,113
40,113
38,113
61,113
43,113
55,113
51,113
54,113
45,113
42,113
40,113
43,113
53,113
44,113
48,113
48,113
46,113
54,113
57,113
43,113
55,113
52,113
49,113
47,113
45,113
47,113
38,113
51,113
51,113
49,113
45,113
59,113
55,113
46,113
44,113
53,113
55,113
45,113
51,113
56,113
44,113
43,113
52,113
47,113
42,113
44,113
37,113
49,113
47,113
44,113
55,113
56,113
45,113
47,113
53,113
45,113
43,113
48,113
50,113
52,113
56,113
54,113
40,113
58,113
54,113
41,113
53,113
48,113
44,113
50,113
52,113
42,113
60,113
58,113
47,113
43,113
58,113
54,113
46,113
51,113
53,113
45,113
45,113
55,113
38,113
43,113
53,113
48,113
53,113
49,113
48,113
50,113
44,113
53,113
53,113
45,113
42,113
55,113
39,113
48,113
49,113
50,113
39,113
42,113
48,113
48,113
52,113
62,113
38,113
53,113
46,113
48,112
37,112
44,112
41,112
51,112
60,112
50,112
55,112
46,112
48,112
53,112
49,112
47,112
60,112
47,112
48,112
45,112
44,112
46,112
36,112
45,112
46,112
56,112
55,112
60,112
50,112
35,112
38,112
48,112
48,112
53,112
40,112
46,112
47,112
37,112
48,112
54,112
47,112
54,112
53,112
46,112
53,112
59,112
48,112
57,112
44,112
53,112
48,112
42,112
41,112
53,112
48,112
51,112
58,112
44,112
46,112
43,112
60,112
42,112
52,112
43,112
48,112
50,112
42,112
52,112
49,112
54,112
56,112
35,112
55,112
46,112
49,112
48,112
41,112
53,112
46,112
48,112
56,112
48,112
50,112
55,112
48,112
46,112
46,112
54,112
37,112
50,112
43,112
50,112
38,112
53,112
45,112
45,112
46,112
52,112
42,112
50,112
36,112
45,112
52,112
53,112
54,112
59,112
50,112
58,112
51,112
49,112
56,112
43,112
54,112
44,112
36,112
35,112
51,112
45,112
52,112
46,112
48,112
50,112
56,112
44,112
55,112
41,112
55,112
48,112
36,112
48,112
60,112
40,112
45,112
50,112
54,112
49,112
49,112
42,112
37,112
46,112
44,112
58,112
48,112
55,112
43,112
45,112
39,112
52,112
42,112
55,112
55,112
50,112
46,112
46,112
41,112
58,112
55,112
49,112
45,112
43,112
56,112
49,112
54,112
41,112
55,112
65,112
41,112
53,112
52,111
55,111
54,111
52,111
52,111
43,111
37,111
43,111
54,111
50,111
43,111
49,111
53,111
56,111
43,111
49,111
47,111
52,111
49,111
45,111
52,111
49,111
52,111
44,111
54,111
63,111
57,111
53,111
49,111
45,111
63,111
53,111
49,111
42,111
41,111
47,111
42,111
53,111
54,111
50,111
37,111
47,111
46,111
45,111
53,111
41,111
41,111
39,111
37,111
44,111
46,111
53,111
46,111
48,111
46,111
45,111
36,111
49,111
50,111
52,111
57,111
53,111
53,111
49,111
44,111
49,111
52,111
53,111
54,111
51,111
64,111
51,111
52,111
42,111
50,111
56,111
40,111
60,111
49,111
55,111
55,111
38,111
47,111
35,111
44,111
45,111
49,111
48,111
55,111
32,111
48,111
43,111
41,111
58,111
46,111
44,111
58,111
47,111
41,111
57,111
54,111
44,111
50,111
55,111
47,111
41,111
48,111
63,111
46,111
45,111
52,111
52,111
51,111
46,111
43,111
53,111
38,111
54,111
48,111
46,111
53,111
30,111
55,111
54,111
49,111
47,111
39,111
61,111
37,111
49,111
43,111
52,111
50,111
52,111
44,111
47,111
37,111
48,111
55,111
52,111
51,111
44,111
49,111
49,111
42,111
47,111
44,110
44,110
41,110
34,110
63,110
39,110
48,110
43,110
51,110
38,110
52,110
55,110
42,110
47,110
38,110
50,110
59,110
44,110
37,110
50,110
38,110
46,110
52,110
43,110
51,110
47,110
50,110
39,110
51,110
38,110
46,110
51,110
45,110
45,110
39,110
44,110
58,110
40,110
40,110
47,110
48,110
40,110
50,110
43,110
47,110
49,110
53,110
50,110
44,110
50,110
53,110
46,110
47,110
49,110
39,110
49,110
44,110
45,110
43,110
42,110
49,110
43,110
46,110
43,110
42,110
50,110
45,110
49,110
49,110
55,110
51,110
47,110
53,110
55,110
43,110
53,110
48,110
51,110
48,110
50,110
40,110
56,110
47,110
48,110
40,110
37,110
51,110
58,110
50,110
47,110
42,110
58,110
37,110
49,110
41,110
43,110
55,110
52,110
40,110
49,110
37,110
54,110
42,110
55,110
53,110
56,110
49,110
38,110
32,110
43,110
38,110
49,110
39,110
46,110
54,110
44,110
52,110
44,110
45,110
45,110
40,110
46,110
42,110
49,110
38,110
60,110
49,110
53,110
46,110
33,110
46,110
36,110
39,110
53,110
55,110
52,110
50,110
49,110
56,110
50,110
55,110
54,110
44,110
42,110
34,110
47,110
52,110
43,110
40,110
43,110
47,110
42,110
51,110
49,110
47,110
48,110
38,110
44,110
50,110
51,110
41,110
45,110
47,110
54,110
56,110
44,109
51,109
46,109
42,109
38,109
39,109
36,109
40,109
44,109
49,109
52,109
42,109
49,109
39,109
41,109
53,109
39,109
52,109
43,109
55,109
51,109
42,109
51,109
40,109
43,109
43,109
53,109
40,109
50,109
45,109
46,109
55,109
38,109
52,109
43,109
42,109
56,109
61,109
46,109
58,109
51,109
49,109
51,109
50,109
50,109
43,109
41,109
51,109
43,109
39,109
45,109
52,109
49,109
51,109
46,109
47,109
46,109
39,109
39,109
47,109
49,109
46,109
36,109
55,109
38,109
55,109
51,109
44,109
49,109
45,109
44,109
51,109
46,109
42,109
46,109
42,109
42,109
40,109
45,109
37,109
42,109
42,109
50,109
42,109
43,109
41,109
29,109
41,109
53,109
41,109
46,109
50,109
55,109
42,109
57,109
44,109
44,109
36,109
49,109
46,109
50,109
42,109
55,109
51,109
48,109
52,109
51,109
52,109
58,109
42,109
49,109
44,109
48,109
41,109
47,109
47,109
49,109
41,109
47,109
54,109
51,109
49,109
39,109
42,109
46,109
48,109
51,109
45,109
36,109
45,109
40,109
44,109
48,109
39,109
55,109
46,109
47,109
41,109
47,109
42,109
57,109
47,109
45,109
49,109
48,109
44,109
43,109
44,109
40,109
41,109
49,109
32,109
44,109
62,109
44,109
46,109
52,109
50,109
48,109
49,109
45,109
39,109
41,109
43,109
44,109
37,109
47,109
51,109
49,109
50,109
32,109
51,108
51,108
41,108
47,108
38,108
51,108
38,108
57,108
39,108
55,108
49,108
43,108
38,108
46,108
43,108
55,108
39,108
37,108
55,108
45,108
41,108
40,108
47,108
43,108
46,108
46,108
31,108
53,108
43,108
47,108
42,108
52,108
44,108
43,108
44,108
55,108
58,108
46,108
54,108
55,108
53,108
53,108
43,108
46,108
58,108
50,108
38,108
39,108
53,108
43,108
49,108
47,108
47,108
40,108
55,108
47,108
61,108
54,108
47,108
42,108
45,108
34,108
46,108
43,108
45,108
45,108
54,108
50,108
43,108
42,108
49,108
49,108
37,108
42,108
50,108
45,108
37,108
36,108
51,108
51,108
42,108
43,108
39,108
49,108
44,108
47,108
41,108
51,108
41,108
55,108
45,108
47,108
37,108
50,108
37,108
41,108
38,108
50,108
37,108
48,108
34,108
51,108
38,108
27,108
54,108
54,108
45,108
56,108
37,108
44,108
37,108
49,108
42,108
40,108
30,108
51,108
45,108
46,108
59,108
48,108
46,108
39,108
49,108
42,108
47,108
50,108
43,108
43,108
34,108
46,108
44,108
51,108
47,108
40,108
41,108
43,108
56,108
38,108
51,108
43,108
59,108
61,108
40,108
44,108
47,108
50,108
46,108
49,108
51,108
56,108
32,108
31,108
47,108
44,108
48,108
35,108
49,108
43,108
48,108
41,108
37,108
50,108
43,108
37,108
55,108
50,108
51,108
39,108
49,108
51,107
46,107
44,107
39,107
40,107
40,107
37,107
44,107
47,107
52,107
34,107
46,107
36,107
39,107
46,107
43,107
44,107
33,107
51,107
32,107
45,107
43,107
50,107
59,107
43,107
38,107
43,107
41,107
44,107
38,107
43,107
48,107
40,107
55,107
43,107
54,107
35,107
50,107
48,107
41,107
51,107
41,107
48,107
53,107
39,107
42,107
49,107
45,107
43,107
51,107
35,107
41,107
38,107
41,107
58,107
40,107
41,107
38,107
51,107
46,107
47,107
42,107
55,107
48,107
49,107
41,107
34,107
46,107
48,107
43,107
46,107
34,107
43,107
47,107
46,107
41,107
43,107
50,107
49,107
51,107
40,107
53,107
45,107
32,107
47,107
48,107
49,107
45,107
44,107
39,107
54,107
34,107
42,107
45,107
41,107
50,107
39,107
49,107
45,107
47,107
38,107
47,107
44,107
55,107
50,107
45,107
51,107
49,107
53,107
36,107
44,107
41,107
44,107
43,107
34,107
45,107
42,107
40,107
50,107
39,107
36,107
50,107
45,107
45,107
44,107
39,107
35,107
47,107
41,107
43,107
45,107
43,107
46,107
36,107
52,107
45,107
42,107
36,107
61,107
42,107
42,107
36,107
47,107
50,107
42,107
43,107
46,107
45,107
45,107
44,107
49,107
37,107
45,107
43,107
37,107
41,107
54,107
43,107
42,107
49,107
38,107
41,107
40,107
42,107
43,107
39,106
35,106
54,106
42,106
42,106
43,106
38,106
36,106
42,106
53,106
50,106
41,106
55,106
46,106
43,106
52,106
45,106
33,106
47,106
47,106
45,106
39,106
50,106
49,106
43,106
45,106
40,106
60,106
38,106
47,106
47,106
43,106
55,106
55,106
34,106
46,106
45,106
54,106
42,106
44,106
52,106
52,106
42,106
40,106
40,106
45,106
39,106
32,106
39,106
35,106
40,106
31,106
39,106
38,106
32,106
55,106
47,106
51,106
35,106
45,106
42,106
44,106
53,106
43,106
39,106
47,106
49,106
47,106
44,106
43,106
56,106
44,106
37,106
46,106
40,106
43,106
47,106
44,106
43,106
45,106
48,106
49,106
41,106
35,106
38,106
47,106
39,106
43,106
45,106
41,106
46,106
39,106
38,106
53,106
42,106
49,106
52,106
50,106
49,106
41,106
43,106
47,106
39,106
46,106
41,106
39,106
40,106
35,106
52,106
47,106
49,106
45,106
48,106
48,106
33,106
39,106
45,106
45,106
47,106
40,106
43,106
42,106
51,106
39,106
40,106
46,106
39,106
43,106
36,106
38,106
39,106
56,106
31,106
38,106
33,106
50,106
42,106
42,106
45,106
30,106
36,106
35,106
40,106
42,106
40,106
48,106
45,106
45,106
46,106
42,106
48,106
46,106
38,106
48,106
46,106
38,106
47,106
51,105
43,105
43,105
39,105
43,105
41,105
42,105
31,105
44,105
39,105
45,105
42,105
44,105
37,105
34,105
44,105
34,105
37,105
41,105
36,105
47,105
50,105
39,105
28,105
55,105
49,105
47,105
41,105
40,105
38,105
47,105
45,105
41,105
46,105
44,105
49,105
39,105
44,105
39,105
44,105
36,105
38,105
47,105
44,105
40,105
40,105
32,105
42,105
48,105
41,105
47,105
33,105
49,105
46,105
37,105
55,105
42,105
45,105
36,105
48,105
39,105
41,105
43,105
48,105
34,105
48,105
50,105
50,105
42,105
38,105
50,105
42,105
40,105
41,105
52,105
51,105
37,105
45,105
43,105
36,105
36,105
49,105
49,105
49,105
41,105
34,105
38,105
44,105
43,105
38,105
29,105
48,105
48,105
51,105
49,105
25,105
50,105
43,105
49,105
42,105
43,105
40,105
37,105
46,105
40,105
45,105
48,105
41,105
38,105
40,105
44,105
39,105
45,105
42,105
39,105
39,105
32,105
34,105
52,105
44,105
43,105
32,105
42,105
40,105
48,105
45,105
43,105
46,105
45,105
56,105
53,105
55,105
38,105
44,105
53,105
47,105
38,105
44,105
43,105
43,105
38,105
45,105
47,104
26,104
45,104
38,104
33,104
47,104
50,104
42,104
51,104
36,104
38,104
36,104
40,104
40,104
41,104
45,104
44,104
47,104
57,104
49,104
46,104
50,104
37,104
56,104
40,104
43,104
46,104
46,104
41,104
40,104
40,104
41,104
47,104
54,104
39,104
32,104
39,104
41,104
52,104
36,104
40,104
55,104
28,104
40,104
62,104
37,104
52,104
37,104
54,104
40,104
46,104
49,104
43,104
42,104
38,104
40,104
34,104
38,104
44,104
53,104
46,104
35,104
31,104
42,104
40,104
34,104
40,104
51,104
41,104
40,104
38,104
54,104
47,104
40,104
51,104
39,104
48,104
39,104
41,104
51,104
55,104
47,104
43,104
48,104
37,104
48,104
39,104
41,104
43,104
50,104
46,104
39,104
46,104
38,104
42,104
51,104
45,104
47,104
46,104
44,104
36,104
41,104
39,104
39,104
46,104
46,104
38,104
34,104
48,104
42,104
49,104
44,104
40,104
37,104
36,104
44,104
45,104
36,104
39,104
40,104
28,104
50,104
50,104
43,104
42,104
42,104
49,104
45,104
48,104
54,104
37,104
37,104
35,104
49,104
44,104
34,104
41,104
36,104
45,104
41,104
41,104
29,104
50,104
39,104
34,104
37,104
45,104
51,104
45,104
46,104
49,104
54,104
41,104
47,104
50,104
48,104
48,104
37,104
53,104
34,104
50,104
49,104
43,104
37,104
34,104
34,104
40,104
47,104
43,104
31,104
44,104
41,104
35,104
32,104
42,104
47,104
40,104
27,104
50,104
50,104
45,103
37,103
36,103
47,103
46,103
47,103
39,103
45,103
45,103
40,103
52,103
46,103
36,103
46,103
39,103
46,103
42,103
45,103
41,103
54,103
43,103
41,103
38,103
30,103
38,103
50,103
40,103
45,103
56,103
44,103
36,103
51,103
48,103
48,103
54,103
44,103
45,103
40,103
42,103
56,103
45,103
53,103
40,103
35,103
44,103
43,103
45,103
46,103
41,103
29,103
40,103
37,103
46,103
42,103
37,103
42,103
51,103
46,103
41,103
38,103
36,103
46,103
39,103
32,103
38,103
38,103
33,103
45,103
43,103
37,103
38,103
37,103
39,103
36,103
38,103
42,103
40,103
46,103
54,103
36,103
36,103
42,103
39,103
37,103
37,103
37,103
42,103
35,103
48,103
45,103
44,103
44,103
43,103
33,103
45,103
43,103
42,103
51,103
40,103
38,103
38,103
51,103
45,103
43,103
58,103
51,103
46,103
47,103
52,103
49,103
50,103
43,103
30,103
45,103
43,103
50,103
41,103
43,103
45,103
38,103
55,103
50,103
35,103
37,103
39,103
44,103
39,103
39,103
31,103
36,103
48,103
41,103
41,103
43,103
36,103
46,103
48,103
37,103
30,103
43,103
38,103
44,103
40,103
42,103
38,103
40,103
41,103
44,103
33,103
34,103
36,103
37,103
33,103
38,103
36,103
36,103
47,103
35,103
38,103
48,103
36,103
43,103
46,103
54,103
34,103
35,103
50,103
39,103
35,103
41,103
30,103
51,102
46,102
38,102
56,102
43,102
48,102
34,102
33,102
39,102
45,102
38,102
51,102
46,102
35,102
48,102
42,102
39,102
40,102
49,102
40,102
40,102
41,102
40,102
44,102
39,102
40,102
49,102
31,102
39,102
53,102
46,102
37,102
54,102
37,102
40,102
50,102
31,102
42,102
46,102
34,102
38,102
31,102
47,102
49,102
42,102
47,102
51,102
39,102
49,102
39,102
48,102
41,102
41,102
52,102
37,102
37,102
54,102
37,102
45,102
31,102
48,102
42,102
35,102
43,102
43,102
37,102
53,102
51,102
42,102
35,102
46,102
36,102
50,102
29,102
30,102
44,102
38,102
41,102
49,102
47,102
36,102
32,102
49,102
41,102
49,102
40,102
52,102
38,102
37,102
44,102
45,102
43,102
42,102
34,102
36,102
49,102
50,102
39,102
48,102
39,102
42,102
32,102
39,102
45,102
38,102
47,102
40,102
43,102
39,102
43,102
45,102
41,102
50,102
44,102
50,102
37,102
30,102
34,102
51,102
34,102
38,102
46,102
35,102
33,102
50,102
36,102
44,102
35,102
35,102
42,102
41,102
47,102
39,102
42,102
47,102
38,102
41,102
46,102
32,102
40,102
35,102
50,102
46,102
49,102
39,102
39,102
46,102
52,102
43,102
43,102
36,102
44,102
47,102
41,102
39,102
46,102
48,102
41,102
45,102
46,102
44,102
43,102
39,102
48,102
53,102
41,102
50,102
48,102
37,102
40,102
46,102
37,102
46,102
39,102
31,102
46,102
35,102
42,102
34,102
39,102
45,102
43,102
42,102
47,102
39,102
37,102
47,102
43,102
46,102
37,102
36,102
40,102
40,102
43,102
45,102
38,102
37,102
41,102
46,102
46,102
44,102
38,102
39,102
36,102
47,102
48,102
42,101
27,101
45,101
43,101
44,101
38,101
46,101
41,101
39,101
36,101
38,101
45,101
49,101
43,101
37,101
41,101
37,101
40,101
32,101
40,101
43,101
31,101
46,101
43,101
46,101
40,101
48,101
36,101
45,101
36,101
36,101
40,101
33,101
49,101
45,101
45,101
42,101
37,101
37,101
36,101
40,101
42,101
39,101
43,101
39,101
42,101
27,101
41,101
39,101
41,101
33,101
40,101
51,101
44,101
38,101
50,101
43,101
41,101
52,101
32,101
45,101
32,101
40,101
37,101
36,101
35,101
39,101
39,101
34,101
42,101
28,101
36,101
44,101
38,101
33,101
45,101
31,101
36,101
33,101
39,101
38,101
47,101
52,101
48,101
40,101
40,101
48,101
37,101
47,101
34,101
45,101
42,101
31,101
34,101
41,101
45,101
39,101
34,101
55,101
47,101
32,101
37,101
42,101
44,101
37,101
32,101
41,101
41,101
43,101
40,101
38,101
36,101
48,101
41,101
38,101
38,101
28,101
44,101
43,101
39,101
39,101
37,101
39,101
41,101
40,101
35,101
42,101
43,101
37,101
41,101
34,101
46,101
40,101
39,101
45,101
43,101
27,101
43,101
39,101
41,101
48,101
41,101
48,101
46,101
43,101
39,101
50,101
28,101
35,101
47,101
40,101
46,101
38,101
41,101
39,101
48,101
47,101
37,101
51,101
30,101
39,101
44,101
44,101
41,101
42,101
43,101
28,101
31,101
47,101
46,101
46,101
49,101
44,101
48,101
46,101
25,100
27,100
38,100
35,100
38,100
30,100
41,100
48,100
49,100
46,100
32,100
42,100
46,100
36,100
48,100
34,100
48,100
45,100
40,100
49,100
38,100
34,100
39,100
48,100
45,100
38,100
41,100
29,100
30,100
41,100
33,100
45,100
44,100
37,100
42,100
39,100
44,100
36,100
39,100
30,100
38,100
43,100
36,100
48,100
35,100
36,100
53,100
46,100
35,100
31,100
42,100
37,100
38,100
46,100
36,100
39,100
47,100
43,100
36,100
45,100
44,100
45,100
43,100
39,100
46,100
20,100
31,100
41,100
48,100
43,100
31,100
35,100
40,100
46,100
50,100
48,100
48,100
36,100
39,100
39,100
42,100
48,100
47,100
33,100
40,100
30,100
37,100
39,100
19,100
27,100
38,100
36,100
49,100
40,100
41,100
38,100
35,100
49,100
49,100
39,100
35,100
45,100
39,100
35,100
38,100
37,100
38,100
36,100
33,100
45,100
42,100
36,100
33,100
41,100
37,100
47,100
39,100
44,100
33,100
32,100
48,100
37,100
35,100
41,100
40,100
43,100
49,100
43,100
39,100
35,100
32,100
52,100
42,100
41,100
44,100
33,100
39,100
32,100
40,100
46,100
32,100
53,100
32,100
47,100
36,100
41,100
37,100
46,100
39,100
39,100
40,100
48,100
24,100
43,100
39,100
50,100
43,100
34,100
43,100
47,100
36,100
35,100
43,100
38,100
39,100
46,100
55,100
39,100
50,100
31,100
40,100
44,100
31,100
41,100
43,100
43,100
35,100
37,100
41,100
43,100
26,100
50,100
47,100
37,100
39,100
44,100
54,100
41,99
44,99
39,99
41,99
50,99
44,99
32,99
38,99
48,99
44,99
41,99
33,99
30,99
40,99
39,99
45,99
36,99
42,99
44,99
34,99
43,99
43,99
42,99
41,99
40,99
35,99
33,99
34,99
42,99
45,99
39,99
47,99
40,99
42,99
38,99
29,99
46,99
31,99
38,99
34,99
47,99
38,99
45,99
44,99
37,99
45,99
33,99
37,99
46,99
40,99
35,99
40,99
38,99
40,99
34,99
51,99
48,99
47,99
33,99
39,99
46,99
36,99
41,99
44,99
37,99
43,99
48,99
26,99
36,99
40,99
26,99
45,99
38,99
41,99
40,99
40,99
42,99
37,99
43,99
38,99
49,99
30,99
28,99
46,99
44,99
25,99
40,99
30,99
39,99
53,99
42,99
42,99
42,99
49,99
25,99
31,99
32,99
34,99
38,99
47,99
35,99
43,99
56,99
33,99
46,99
41,99
42,99
34,99
33,99
47,99
43,99
43,99
48,99
32,99
28,99
36,99
37,99
32,99
32,99
35,99
42,99
44,99
28,99
43,99
33,99
38,99
48,99
49,99
43,99
34,99
37,99
45,99
40,99
43,99
41,99
42,99
36,99
37,99
52,99
42,99
31,99
42,99
47,99
45,99
41,99
48,99
38,99
40,99
34,99
53,99
41,99
31,99
47,99
40,99
49,99
41,99
41,99
42,99
42,99
47,99
43,99
39,99
45,99
40,99
40,99
39,99
40,99
45,99
41,99
33,99
42,99
32,99
38,99
52,99
37,99
41,99
39,99
40,99
44,99
42,98
29,98
46,98
41,98
40,98
50,98
30,98
36,98
44,98
43,98
28,98
36,98
31,98
42,98
35,98
49,98
32,98
43,98
52,98
47,98
37,98
49,98
35,98
35,98
32,98
46,98
40,98
35,98
39,98
38,98
35,98
31,98
39,98
36,98
42,98
44,98
44,98
36,98
36,98
30,98
36,98
42,98
42,98
50,98
40,98
34,98
33,98
34,98
47,98
43,98
35,98
40,98
47,98
33,98
49,98
39,98
42,98
31,98
33,98
47,98
44,98
36,98
40,98
46,98
42,98
37,98
36,98
32,98
39,98
44,98
46,98
29,98
37,98
44,98
42,98
40,98
38,98
37,98
24,98
31,98
38,98
30,98
41,98
41,98
43,98
43,98
39,98
37,98
48,98
34,98
48,98
33,98
44,98
37,98
45,98
50,98
29,98
40,98
47,98
50,98
40,98
47,98
32,98
35,98
42,98
41,98
50,98
28,98
29,98
38,98
31,98
33,98
44,98
29,98
35,98
36,98
44,98
42,98
36,98
40,98
36,98
45,98
38,98
37,98
29,98
38,98
44,98
40,98
36,98
38,98
39,98
32,98
32,98
41,98
40,98
44,98
34,98
34,98
38,98
36,98
41,98
43,98
38,98
44,98
37,98
44,98
39,98
48,98
43,98
47,98
47,98
41,98
30,98
40,98
35,98
39,98
44,98
37,98
42,98
43,98
41,98
48,98
39,98
36,98
32,98
40,98
48,98
49,98
39,98
41,98
41,98
47,98
30,98
26,98
39,98
24,98
40,98
35,98
40,98
28,98
43,98
41,98
37,98
46,98
34,98
38,98
50,98
35,98
28,98
34,98
33,98
40,98
34,98
28,98
34,98
46,98
43,98
42,98
30,98
36,98
41,98
27,97
41,97
35,97
32,97
38,97
35,97
35,97
41,97
27,97
27,97
42,97
32,97
39,97
40,97
44,97
50,97
35,97
46,97
42,97
46,97
39,97
45,97
44,97
34,97
37,97
37,97
43,97
46,97
31,97
41,97
33,97
29,97
36,97
28,97
48,97
29,97
45,97
53,97
40,97
33,97
44,97
46,97
43,97
38,97
30,97
34,97
33,97
47,97
47,97
46,97
27,97
34,97
36,97
36,97
43,97
34,97
32,97
37,97
21,97
42,97
25,97
42,97
43,97
31,97
31,97
44,97
45,97
32,97
31,97
39,97
33,97
37,97
37,97
46,97
43,97
44,97
38,97
37,97
37,97
46,97
35,97
30,97
44,97
26,97
42,97
37,97
54,97
35,97
31,97
46,97
34,97
49,97
33,97
47,97
36,97
26,97
30,97
40,97
23,97
55,97
41,97
50,97
49,97
38,97
37,97
42,97
44,97
45,97
45,97
37,97
45,97
31,97
28,97
49,97
25,97
42,97
31,97
37,97
40,97
40,97
48,97
39,97
41,97
34,97
31,97
41,97
38,97
46,97
37,97
42,97
47,97
40,97
38,97
40,97
27,97
32,97
31,97
39,97
53,97
19,97
52,97
41,97
52,97
31,97
35,97
44,97
30,97
43,97
30,97
35,97
31,97
32,97
46,97
34,97
30,97
28,97
47,97
38,97
43,97
43,97
37,97
28,97
32,97
36,97
47,97
22,97
36,97
44,97
48,97
39,97
40,97
42,97
36,97
30,97
36,97
35,97
50,97
28,97
35,97
42,97
42,97
42,97
31,97
49,97
43,97
34,97
30,97
32,97
50,97
34,97
35,97
42,97
44,97
38,97
39,97
37,97
42,96
45,96
39,96
35,96
45,96
37,96
34,96
37,96
27,96
41,96
35,96
33,96
41,96
39,96
36,96
34,96
35,96
35,96
26,96
43,96
42,96
29,96
43,96
39,96
36,96
34,96
30,96
40,96
30,96
37,96
28,96
45,96
42,96
37,96
38,96
26,96
30,96
42,96
36,96
33,96
46,96
40,96
41,96
28,96
42,96
38,96
43,96
38,96
39,96
32,96
46,96
41,96
46,96
39,96
36,96
38,96
45,96
43,96
36,96
30,96
33,96
31,96
33,96
38,96
34,96
35,96
43,96
35,96
30,96
34,96
30,96
47,96
38,96
25,96
37,96
27,96
38,96
25,96
39,96
29,96
39,96
35,96
33,96
35,96
43,96
35,96
37,96
28,96
34,96
41,96
34,96
34,96
39,96
54,96
30,96
36,96
35,96
42,96
39,96
35,96
44,96
38,96
38,96
43,96
46,96
35,96
31,96
24,96
26,96
25,96
24,96
34,96
36,96
40,96
28,96
36,96
48,96
34,96
30,96
37,96
39,96
36,96
39,96
36,96
31,96
51,96
26,96
45,96
34,96
28,96
34,96
42,96
33,96
31,96
35,96
35,96
48,96
48,96
32,96
38,96
38,96
49,96
26,96
29,96
38,96
33,96
37,96
27,96
36,96
48,96
34,96
41,96
41,96
35,96
41,96
46,96
34,96
43,96
41,96
39,96
36,96
32,96
32,96
42,96
31,96
36,96
40,96
36,96
39,96
29,96
33,96
36,96
46,96
40,96
35,96
48,96
24,96
50,96
35,96
31,96
41,96
34,96
47,96
39,96
28,96
36,95
32,95
42,95
27,95
35,95
39,95
27,95
29,95
39,95
22,95
36,95
35,95
45,95
36,95
45,95
26,95
50,95
39,95
46,95
32,95
43,95
42,95
39,95
39,95
30,95
36,95
36,95
43,95
55,95
32,95
45,95
37,95
34,95
50,95
43,95
39,95
37,95
32,95
31,95
42,95
43,95
34,95
27,95
29,95
40,95
33,95
37,95
35,95
35,95
29,95
29,95
38,95
27,95
41,95
27,95
44,95
47,95
28,95
34,95
31,95
35,95
49,95
35,95
52,95
37,95
36,95
24,95
39,95
30,95
38,95
38,95
40,95
37,95
31,95
40,95
37,95
33,95
31,95
33,95
35,95
38,95
38,95
43,95
37,95
36,95
31,95
41,95
37,95
40,95
37,95
42,95
44,95
31,95
42,95
41,95
33,95
38,95
43,95
35,95
51,95
34,95
37,95
46,95
28,95
35,95
38,95
39,95
34,95
35,95
37,95
46,95
31,95
32,95
38,95
32,95
30,95
33,95
40,95
47,95
34,95
46,95
52,95
33,95
34,95
44,95
38,95
32,95
32,95
46,95
39,95
55,95
34,95
34,95
29,95
32,95
32,95
38,95
26,95
46,95
39,95
48,95
29,95
32,95
46,95
35,95
40,95
40,95
55,95
34,95
34,95
33,95
33,95
37,95
39,95
25,95
38,95
32,95
32,95
40,95
41,95
36,95
26,95
37,95
32,95
39,95
33,95
40,95
27,95
34,95
38,95
37,95
39,95
34,95
33,95
42,95
45,95
32,95
35,95
39,95
33,95
34,95
41,95
38,94
40,94
35,94
43,94
31,94
31,94
33,94
39,94
29,94
39,94
42,94
47,94
37,94
41,94
36,94
38,94
37,94
32,94
37,94
36,94
35,94
33,94
34,94
33,94
40,94
24,94
32,94
35,94
28,94
36,94
37,94
29,94
39,94
30,94
29,94
40,94
38,94
38,94
40,94
40,94
31,94
30,94
39,94
38,94
36,94
40,94
34,94
39,94
32,94
26,94
34,94
42,94
30,94
49,94
45,94
26,94
37,94
34,94
42,94
33,94
38,94
40,94
26,94
30,94
46,94
27,94
49,94
41,94
45,94
31,94
39,94
31,94
32,94
33,94
37,94
29,94
43,94
38,94
37,94
39,94
27,94
35,94
43,94
34,94
32,94
38,94
29,94
35,94
25,94
41,94
29,94
49,94
40,94
39,94
41,94
37,94
37,94
40,94
40,94
34,94
37,94
36,94
29,94
30,94
38,94
40,94
31,94
40,94
32,94
34,94
44,94
40,94
32,94
34,94
37,94
44,94
33,94
37,94
36,94
32,94
38,94
36,94
40,94
38,94
24,94
41,94
31,94
43,94
33,94
32,94
36,94
32,94
41,94
41,94
31,94
35,94
36,94
37,94
43,94
36,94
37,94
31,94
40,94
42,94
41,94
36,94
39,94
35,94
27,94
31,94
38,94
39,94
38,94
26,94
33,94
43,94
36,94
33,94
30,94
27,94
33,94
36,94
38,94
32,94
30,94
35,94
29,94
30,94
32,94
40,94
28,94
32,94
35,94
32,94
23,94
37,94
38,94
37,94
38,94
39,94
27,94
38,94
37,94
33,94
38,94
42,94
45,94
53,94
47,94
32,94
46,94
31,94
37,94
31,93
41,93
38,93
41,93
40,93
46,93
32,93
39,93
48,93
37,93
33,93
39,93
34,93
27,93
29,93
26,93
36,93
34,93
42,93
30,93
39,93
33,93
38,93
41,93
32,93
33,93
32,93
32,93
46,93
46,93
33,93
23,93
40,93
33,93
31,93
40,93
35,93
36,93
32,93
36,93
52,93
33,93
46,93
35,93
37,93
27,93
23,93
40,93
46,93
33,93
36,93
35,93
30,93
33,93
25,93
41,93
42,93
26,93
32,93
27,93
28,93
46,93
42,93
31,93
40,93
32,93
39,93
29,93
28,93
20,93
38,93
41,93
39,93
42,93
28,93
40,93
35,93
37,93
32,93
23,93
35,93
40,93
40,93
33,93
32,93
30,93
34,93
40,93
33,93
41,93
31,93
41,93
44,93
34,93
42,93
38,93
33,93
39,93
35,93
37,93
34,93
33,93
40,93
32,93
37,93
31,93
34,93
32,93
30,93
28,93
42,93
41,93
30,93
42,93
42,93
36,93
34,93
47,93
40,93
43,93
39,93
35,93
42,93
40,93
32,93
39,93
39,93
29,93
29,93
42,93
32,93
35,93
46,93
40,93
36,93
34,93
30,93
35,93
23,93
47,93
37,93
37,93
37,93
24,93
41,93
28,93
32,93
38,93
37,93
36,93
31,93
39,93
29,93
33,93
53,93
40,93
37,93
33,93
33,93
31,93
42,93
30,93
29,93
44,93
46,93
28,93
46,93
37,93
35,93
37,93
47,93
43,93
33,93
39,93
41,92
38,92
39,92
30,92
27,92
41,92
37,92
35,92
22,92
36,92
36,92
32,92
40,92
26,92
44,92
32,92
37,92
35,92
31,92
43,92
26,92
36,92
34,92
33,92
30,92
31,92
34,92
31,92
32,92
31,92
38,92
31,92
42,92
40,92
25,92
34,92
33,92
29,92
45,92
35,92
32,92
21,92
45,92
20,92
37,92
28,92
29,92
40,92
37,92
20,92
45,92
37,92
45,92
49,92
22,92
34,92
34,92
34,92
24,92
40,92
37,92
34,92
33,92
35,92
35,92
27,92
33,92
28,92
37,92
29,92
36,92
33,92
27,92
38,92
36,92
30,92
33,92
31,92
27,92
33,92
32,92
38,92
22,92
32,92
42,92
32,92
32,92
32,92
45,92
42,92
37,92
24,92
43,92
38,92
32,92
27,92
28,92
26,92
35,92
34,92
42,92
42,92
36,92
37,92
33,92
39,92
34,92
30,92
39,92
33,92
30,92
40,92
28,92
29,92
31,92
35,92
27,92
26,92
26,92
28,92
44,92
29,92
35,92
30,92
34,92
38,92
32,92
27,92
23,92
30,92
43,92
35,92
41,92
34,92
36,92
41,92
32,92
27,92
37,92
38,92
32,92
38,92
42,92
37,92
33,92
39,92
32,92
33,92
42,92
29,92
43,92
37,92
30,92
44,92
34,92
27,92
25,92
32,92
35,92
43,92
25,92
26,92
38,92
36,92
35,92
38,92
37,92
39,92
44,92
24,92
26,92
30,92
31,92
37,92
40,92
26,92
26,92
34,92
29,92
35,92
34,92
41,92
29,92
33,92
38,92
28,92
32,92
33,92
38,92
38,92
34,92
28,92
34,92
37,92
26,92
34,92
28,92
29,92
30,92
35,92
31,92
44,92
32,91
32,91
41,91
24,91
24,91
31,91
28,91
32,91
38,91
38,91
28,91
36,91
29,91
36,91
36,91
47,91
33,91
36,91
32,91
36,91
33,91
33,91
31,91
28,91
32,91
35,91
37,91
40,91
43,91
33,91
31,91
39,91
31,91
26,91
36,91
30,91
42,91
23,91
30,91
26,91
32,91
35,91
30,91
27,91
34,91
34,91
43,91
24,91
44,91
27,91
35,91
31,91
31,91
36,91
25,91
34,91
20,91
35,91
44,91
28,91
42,91
36,91
45,91
32,91
33,91
38,91
33,91
32,91
31,91
32,91
32,91
35,91
42,91
35,91
35,91
36,91
37,91
37,91
24,91
27,91
28,91
30,91
30,91
47,91
43,91
31,91
39,91
30,91
32,91
35,91
26,91
33,91
44,91
36,91
44,91
40,91
39,91
31,91
31,91
34,91
32,91
26,91
44,91
39,91
42,91
39,91
39,91
35,91
39,91
35,91
32,91
41,91
32,91
31,91
31,91
36,91
35,91
33,91
30,91
19,91
33,91
34,91
28,91
30,91
38,91
36,91
37,91
35,91
34,91
35,91
41,91
37,91
41,91
25,91
44,91
42,91
34,91
24,91
40,91
34,91
36,91
35,91
32,91
34,91
27,91
41,91
44,91
36,91
39,91
34,91
30,91
34,91
29,91
25,91
35,91
36,91
24,91
28,91
23,91
32,91
34,91
33,91
34,91
36,91
34,91
30,91
37,91
29,91
34,91
28,91
31,91
30,91
29,91
36,91
30,91
22,91
36,90
29,90
38,90
37,90
33,90
23,90
43,90
36,90
42,90
25,90
36,90
55,90
27,90
23,90
46,90
32,90
34,90
41,90
35,90
25,90
30,90
29,90
41,90
33,90
31,90
33,90
30,90
30,90
30,90
34,90
35,90
25,90
29,90
28,90
34,90
37,90
42,90
21,90
39,90
41,90
40,90
34,90
32,90
27,90
32,90
37,90
38,90
37,90
41,90
36,90
38,90
37,90
39,90
28,90
41,90
26,90
28,90
31,90
26,90
29,90
36,90
37,90
43,90
35,90
36,90
22,90
33,90
31,90
31,90
21,90
34,90
40,90
35,90
32,90
31,90
46,90
31,90
36,90
39,90
31,90
42,90
40,90
32,90
35,90
40,90
40,90
37,90
32,90
29,90
33,90
33,90
27,90
34,90
35,90
28,90
36,90
31,90
28,90
39,90
34,90
33,90
37,90
31,90
20,90
36,90
25,90
40,90
25,90
28,90
34,90
34,90
38,90
26,90
40,90
28,90
24,90
28,90
37,90
35,90
32,90
31,90
29,90
27,90
46,90
37,90
38,90
39,90
27,90
31,90
32,90
42,90
36,90
38,90
33,90
30,90
30,90
36,90
27,90
34,90
37,90
32,90
43,90
28,90
32,90
35,90
32,90
38,90
36,90
34,90
36,90
32,90
29,90
49,90
35,90
32,90
34,90
27,90
28,90
30,89
24,89
37,89
31,89
32,89
47,89
36,89
47,89
39,89
29,89
31,89
21,89
25,89
34,89
26,89
30,89
33,89
28,89
41,89
36,89
48,89
26,89
31,89
32,89
36,89
33,89
29,89
37,89
41,89
34,89
28,89
47,89
32,89
45,89
36,89
18,89
36,89
30,89
41,89
34,89
31,89
35,89
33,89
30,89
30,89
35,89
28,89
36,89
31,89
32,89
27,89
34,89
39,89
25,89
34,89
47,89
34,89
38,89
30,89
27,89
35,89
34,89
28,89
30,89
41,89
38,89
32,89
47,89
33,89
31,89
40,89
35,89
33,89
29,89
35,89
39,89
28,89
45,89
32,89
37,89
27,89
35,89
20,89
28,89
27,89
40,89
28,89
22,89
29,89
31,89
28,89
39,89
31,89
38,89
28,89
25,89
34,89
30,89
37,89
35,89
32,89
39,89
26,89
29,89
33,89
34,89
24,89
26,89
48,89
20,89
32,89
38,89
37,89
30,89
42,89
40,89
30,89
24,89
33,89
31,89
27,89
37,89
28,89
38,89
25,89
47,89
34,89
30,89
33,89
27,89
38,89
44,89
38,89
18,89
34,89
31,89
40,89
37,89
26,89
25,89
35,89
29,89
47,89
38,89
32,89
27,89
24,89
38,89
32,89
40,89
26,89
26,88
30,88
24,88
35,88
23,88
32,88
31,88
37,88
29,88
30,88
28,88
25,88
31,88
21,88
27,88
26,88
30,88
29,88
41,88
32,88
35,88
33,88
22,88
38,88
31,88
30,88
35,88
39,88
31,88
25,88
40,88
39,88
32,88
24,88
34,88
33,88
30,88
28,88
23,88
32,88
35,88
26,88
28,88
33,88
39,88
34,88
32,88
35,88
38,88
26,88
26,88
38,88
44,88
35,88
38,88
38,88
34,88
29,88
27,88
46,88
41,88
30,88
31,88
29,88
34,88
31,88
26,88
36,88
32,88
32,88
32,88
33,88
28,88
31,88
31,88
25,88
40,88
26,88
23,88
34,88
28,88
34,88
36,88
33,88
31,88
28,88
35,88
36,88
24,88
30,88
39,88
31,88
25,88
24,88
25,88
23,88
35,88
25,88
27,88
27,88
31,88
27,88
21,88
30,88
35,88
25,88
30,88
26,88
26,88
47,88
28,88
15,88
34,88
30,88
31,88
37,88
31,88
28,88
38,88
31,88
29,88
24,88
30,88
22,88
34,88
14,88
42,88
19,88
32,88
32,88
34,88
34,88
37,88
28,88
33,88
29,88
28,88
43,88
27,88
30,88
30,88
22,88
42,88
34,88
36,88
38,88
38,88
37,88
48,88
25,88
31,88
38,88
21,88
35,88
35,88
30,87
25,87
28,87
22,87
40,87
34,87
31,87
43,87
31,87
42,87
30,87
23,87
40,87
35,87
30,87
29,87
29,87
26,87
32,87
35,87
35,87
37,87
38,87
36,87
42,87
34,87
35,87
36,87
51,87
35,87
35,87
23,87
33,87
39,87
34,87
32,87
44,87
38,87
34,87
24,87
36,87
27,87
33,87
41,87
23,87
29,87
38,87
20,87
31,87
23,87
30,87
32,87
32,87
33,87
35,87
25,87
39,87
24,87
22,87
35,87
26,87
28,87
49,87
36,87
31,87
40,87
29,87
23,87
33,87
29,87
28,87
27,87
31,87
32,87
31,87
29,87
31,87
39,87
24,87
36,87
26,87
39,87
25,87
22,87
29,87
27,87
33,87
33,87
34,87
31,87
39,87
40,87
29,87
31,87
27,87
36,87
27,87
35,87
33,87
25,87
37,87
36,87
29,87
34,87
39,87
23,87
32,87
30,87
33,87
26,87
29,87
42,87
34,87
33,87
31,87
35,87
21,87
36,87
40,87
31,87
37,87
33,87
29,87
28,87
31,87
24,87
33,87
25,87
22,87
28,87
32,87
25,87
31,87
47,87
26,87
26,87
30,87
38,87
24,87
41,87
37,87
35,87
29,87
26,87
31,87
32,87
38,87
25,87
37,87
26,87
34,87
37,87
30,87
34,87
32,87
23,87
30,87
43,87
34,87
41,87
29,87
22,87
34,86
25,86
38,86
35,86
26,86
31,86
30,86
38,86
35,86
37,86
15,86
37,86
29,86
29,86
22,86
34,86
31,86
30,86
39,86
36,86
34,86
32,86
31,86
23,86
36,86
34,86
37,86
39,86
36,86
31,86
36,86
27,86
32,86
37,86
45,86
42,86
38,86
32,86
27,86
39,86
22,86
26,86
44,86
24,86
35,86
27,86
39,86
31,86
44,86
35,86
27,86
27,86
32,86
30,86
34,86
19,86
33,86
28,86
37,86
36,86
29,86
31,86
38,86
26,86
37,86
33,86
37,86
31,86
24,86
35,86
27,86
42,86
26,86
35,86
39,86
29,86
29,86
23,86
33,86
28,86
25,86
31,86
28,86
33,86
33,86
29,86
26,86
39,86
39,86
31,86
27,86
24,86
33,86
33,86
24,86
26,86
10,86
20,86
38,86
38,86
16,86
23,86
29,86
43,86
37,86
34,86
33,86
31,86
35,86
29,86
41,86
30,86
30,86
22,86
37,86
40,86
36,86
26,86
42,86
37,86
15,86
30,86
35,86
40,86
41,86
28,86
32,86
30,86
31,86
25,86
32,86
21,86
32,86
27,86
25,86
26,86
25,86
37,86
32,86
39,86
33,86
39,86
34,86
24,86
35,86
36,86
19,86
21,86
32,86
39,86
17,86
23,86
42,86
35,86
22,86
30,86
32,86
22,86
46,86
32,86
38,86
30,86
22,86
36,86
30,86
31,86
36,86
37,86
27,86
26,86
31,86
36,86
31,86
33,86
40,86
27,86
37,86
26,86
31,86
28,86
33,86
34,86
20,86
27,86
24,86
29,86
34,86
37,85
33,85
28,85
31,85
31,85
37,85
35,85
23,85
22,85
35,85
27,85
27,85
29,85
35,85
35,85
29,85
30,85
28,85
33,85
29,85
26,85
33,85
29,85
33,85
31,85
40,85
21,85
29,85
34,85
31,85
31,85
36,85
30,85
30,85
22,85
41,85
21,85
28,85
26,85
26,85
24,85
25,85
37,85
34,85
26,85
36,85
35,85
30,85
30,85
24,85
29,85
30,85
25,85
28,85
29,85
23,85
32,85
22,85
23,85
35,85
41,85
24,85
14,85
16,85
29,85
29,85
42,85
23,85
30,85
27,85
23,85
28,85
24,85
33,85
29,85
28,85
34,85
31,85
39,85
16,85
29,85
32,85
28,85
30,85
24,85
33,85
21,85
24,85
26,85
35,85
31,85
31,85
33,85
19,85
21,85
31,85
19,85
32,85
29,85
34,85
21,85
26,85
23,85
22,85
39,85
44,85
22,85
37,85
34,85
28,85
32,85
22,85
21,85
32,85
34,85
36,85
33,85
27,85
36,85
25,85
31,85
34,85
23,85
28,85
35,85
30,85
31,85
37,85
42,85
28,85
22,85
28,85
38,85
28,85
31,85
27,85
39,85
22,84
23,84
16,84
25,84
30,84
37,84
31,84
24,84
18,84
20,84
35,84
21,84
28,84
29,84
24,84
31,84
23,84
27,84
31,84
28,84
38,84
39,84
25,84
29,84
34,84
36,84
37,84
38,84
27,84
39,84
32,84
32,84
38,84
27,84
30,84
28,84
23,84
27,84
37,84
25,84
32,84
37,84
32,84
28,84
28,84
29,84
22,84
26,84
28,84
34,84
32,84
31,84
25,84
29,84
24,84
21,84
23,84
27,84
33,84
37,84
27,84
22,84
19,84
33,84
24,84
30,84
30,84
19,84
35,84
32,84
35,84
31,84
34,84
34,84
26,84
27,84
26,84
22,84
32,84
29,84
21,84
31,84
23,84
22,84
29,84
27,84
28,84
25,84
37,84
19,84
20,84
24,84
25,84
28,84
30,84
27,84
18,84
42,84
31,84
36,84
17,84
25,84
22,84
29,84
39,84
27,84
29,84
30,84
35,84
21,84
22,84
27,84
23,84
34,84
26,84
36,84
25,84
31,84
36,84
22,84
22,84
39,84
22,84
26,84
28,84
26,84
32,84
33,84
16,84
33,84
36,84
17,84
31,84
22,84
26,84
44,84
15,84
38,84
27,84
19,84
37,84
27,84
34,84
22,84
30,84
18,84
33,83
26,83
34,83
26,83
29,83
29,83
23,83
29,83
32,83
21,83
38,83
30,83
27,83
38,83
31,83
39,83
23,83
23,83
33,83
33,83
28,83
27,83
25,83
29,83
28,83
29,83
20,83
34,83
26,83
25,83
20,83
26,83
33,83
38,83
24,83
34,83
30,83
27,83
37,83
21,83
28,83
29,83
35,83
14,83
33,83
25,83
49,83
28,83
33,83
17,83
31,83
26,83
28,83
28,83
31,83
26,83
26,83
23,83
26,83
32,83
37,83
21,83
37,83
31,83
28,83
29,83
28,83
30,83
17,83
32,83
27,83
33,83
25,83
19,83
34,83
24,83
28,83
20,83
24,83
14,83
24,83
27,83
31,83
27,83
24,83
30,83
32,83
37,83
30,83
27,83
29,83
27,83
28,83
32,83
17,83
27,83
32,83
27,83
26,83
30,83
24,83
40,83
26,83
31,83
19,83
25,83
24,83
36,83
29,83
29,83
32,83
23,83
26,83
36,83
34,83
26,83
36,83
21,83
32,83
30,83
27,83
33,83
33,83
29,83
28,83
26,83
27,83
26,83
25,83
29,83
29,83
30,83
28,83
35,83
34,83
26,83
25,83
31,83
42,83
29,83
28,83
30,83
28,83
30,83
30,83
20,83
33,83
23,83
35,83
42,83
30,83
26,83
32,83
38,83
19,83
36,83
28,82
31,82
23,82
31,82
28,82
45,82
36,82
27,82
26,82
31,82
23,82
24,82
24,82
23,82
40,82
24,82
36,82
27,82
37,82
30,82
26,82
22,82
24,82
22,82
28,82
32,82
31,82
25,82
30,82
31,82
26,82
22,82
29,82
18,82
22,82
23,82
20,82
26,82
26,82
31,82
31,82
36,82
29,82
15,82
40,82
36,82
25,82
30,82
24,82
25,82
36,82
23,82
29,82
25,82
27,82
26,82
32,82
27,82
36,82
27,82
36,82
24,82
31,82
31,82
31,82
38,82
38,82
29,82
32,82
29,82
20,82
25,82
39,82
29,82
19,82
29,82
35,82
30,82
29,82
29,82
35,82
32,82
33,82
32,82
26,82
34,82
22,82
22,82
25,82
27,82
25,82
17,82
23,82
19,82
20,82
22,82
28,82
30,82
18,82
30,82
33,82
22,82
25,82
22,82
38,82
31,82
19,82
29,82
27,82
26,82
31,82
32,82
29,82
26,82
16,82
24,82
29,82
30,82
28,82
25,82
36,82
26,82
40,82
24,82
23,82
31,82
31,82
29,82
24,82
17,82
26,82
29,81
29,81
28,81
26,81
34,81
26,81
21,81
34,81
23,81
21,81
19,81
19,81
39,81
35,81
20,81
25,81
34,81
24,81
26,81
26,81
16,81
35,81
26,81
30,81
20,81
28,81
29,81
32,81
31,81
24,81
31,81
18,81
23,81
33,81
24,81
19,81
25,81
30,81
23,81
31,81
34,81
27,81
36,81
35,81
20,81
33,81
22,81
33,81
26,81
34,81
32,81
16,81
25,81
35,81
15,81
37,81
31,81
29,81
32,81
32,81
22,81
21,81
20,81
28,81
19,81
19,81
26,81
18,81
39,81
32,81
29,81
32,81
13,81
38,81
36,81
19,81
39,81
33,81
30,81
29,81
18,81
29,81
31,81
27,81
32,81
28,81
30,81
28,81
39,81
25,81
33,81
36,81
29,81
29,81
23,81
18,81
29,81
27,81
37,81
18,81
29,81
31,81
24,81
32,81
30,81
26,81
22,81
24,81
29,81
21,81
23,81
24,81
17,81
28,81
24,81
22,81
24,81
23,81
31,81
29,81
23,81
28,81
31,81
16,81
30,81
26,81
32,81
30,81
25,81
24,81
36,81
30,81
24,80
24,80
28,80
25,80
26,80
30,80
17,80
28,80
37,80
31,80
32,80
20,80
29,80
19,80
23,80
34,80
29,80
38,80
26,80
16,80
20,80
33,80
19,80
20,80
18,80
21,80
23,80
36,80
35,80
31,80
27,80
22,80
25,80
20,80
28,80
31,80
34,80
31,80
23,80
29,80
19,80
17,80
15,80
23,80
22,80
28,80
33,80
19,80
25,80
26,80
20,80
32,80
23,80
28,80
25,80
21,80
35,80
34,80
21,80
23,80
19,80
30,80
24,80
22,80
24,80
24,80
31,80
20,80
36,80
18,80
27,80
20,80
31,80
24,80
13,80
33,80
28,80
25,80
17,80
25,80
27,80
15,80
20,80
19,80
27,80
17,80
16,80
24,80
36,80
23,80
29,80
23,80
30,80
31,80
25,80
21,80
21,80
36,80
33,80
15,80
36,80
27,80
39,80
29,80
27,80
26,80
32,80
37,80
33,80
36,80
33,80
25,80
17,80
23,80
17,80
25,80
22,80
25,80
28,80
24,80
30,80
19,80
23,80
28,80
36,80
26,80
37,80
15,80
22,80
24,80
21,80
33,80
25,80
28,80
18,80
29,80
23,80
27,79
22,79
28,79
25,79
14,79
32,79
33,79
26,79
21,79
17,79
16,79
21,79
29,79
29,79
16,79
25,79
23,79
32,79
21,79
20,79
29,79
26,79
17,79
26,79
31,79
34,79
32,79
31,79
20,79
28,79
30,79
22,79
31,79
25,79
20,79
34,79
30,79
28,79
23,79
18,79
27,79
25,79
23,79
12,79
29,79
24,79
22,79
27,79
23,79
23,79
23,79
26,79
28,79
24,79
20,79
22,79
26,79
19,79
25,79
25,79
28,79
24,79
33,79
22,79
25,79
26,79
27,79
18,79
32,79
32,79
30,79
28,79
24,79
21,79
42,79
19,79
32,79
27,79
31,79
25,79
30,79
25,79
16,79
29,79
29,79
26,79
26,79
28,79
16,79
35,79
19,79
28,79
26,79
17,79
19,79
30,79
26,79
25,79
28,79
31,79
38,79
25,79
13,79
29,79
30,79
32,79
17,79
35,79
27,79
27,79
37,78
28,78
12,78
22,78
29,78
25,78
31,78
34,78
35,78
24,78
24,78
15,78
29,78
27,78
15,78
20,78
29,78
28,78
28,78
23,78
28,78
26,78
16,78
32,78
23,78
34,78
24,78
23,78
17,78
28,78
18,78
26,78
23,78
26,78
34,78
27,78
22,78
23,78
14,78
27,78
23,78
31,78
24,78
21,78
31,78
24,78
22,78
31,78
30,78
22,78
30,78
22,78
29,78
35,78
13,78
24,78
22,78
22,78
21,78
21,78
24,78
31,78
27,78
31,78
28,78
18,78
29,78
22,78
23,78
26,78
17,78
19,78
18,78
27,78
28,78
27,78
16,78
27,78
27,78
24,78
22,78
31,78
27,78
34,78
30,78
39,78
23,78
14,78
22,78
26,78
34,78
15,78
27,78
16,78
33,78
21,78
27,78
28,78
24,78
21,78
18,78
2,78
35,78
20,78
28,78
30,78
24,78
23,78
31,78
35,78
29,78
29,78
30,78
25,78
18,78
21,78
21,78
21,78
23,78
20,78
32,77
16,77
30,77
27,77
29,77
17,77
24,77
27,77
23,77
29,77
38,77
23,77
13,77
22,77
26,77
35,77
34,77
27,77
23,77
35,77
27,77
14,77
21,77
19,77
26,77
30,77
23,77
29,77
30,77
30,77
25,77
14,77
26,77
26,77
2,77
28,77
33,77
27,77
20,77
32,77
27,77
23,77
34,77
21,77
35,77
20,77
16,77
15,77
15,77
20,77
26,77
24,77
23,77
33,77
23,77
39,77
10,77
28,77
22,77
14,77
14,77
33,77
16,77
30,77
19,77
35,77
17,77
26,77
20,77
28,77
19,77
29,77
35,77
34,77
14,77
20,77
20,77
31,77
31,77
25,77
15,77
28,77
22,77
22,77
32,77
20,77
29,77
17,77
30,77
28,77
31,77
20,77
21,77
23,77
21,77
27,77
31,77
30,77
19,77
19,77
25,77
23,77
23,77
25,77
18,77
24,77
9,77
19,77
16,77
24,77
14,77
11,77
27,77
32,77
32,77
25,77
18,77
10,77
25,77
22,77
24,77
25,77
16,77
30,77
20,77
22,77
14,77
25,77
31,77
19,77
28,77
27,77
15,77
11,77
20,77
23,77
29,76
32,76
21,76
24,76
23,76
14,76
21,76
15,76
25,76
32,76
19,76
18,76
21,76
14,76
19,76
28,76
16,76
25,76
36,76
23,76
26,76
31,76
15,76
32,76
21,76
22,76
29,76
16,76
12,76
28,76
24,76
26,76
23,76
18,76
25,76
16,76
28,76
23,76
34,76
17,76
32,76
21,76
16,76
27,76
22,76
31,76
13,76
21,76
21,76
22,76
22,76
23,76
27,76
18,76
13,76
23,76
26,76
32,76
7,76
29,76
25,76
27,76
23,76
17,76
19,76
37,76
17,76
23,76
15,76
37,76
33,76
29,76
28,76
18,76
23,76
24,76
34,76
22,76
14,76
27,76
32,76
14,76
24,76
23,76
24,76
22,76
23,76
23,76
29,76
21,76
25,76
24,76
35,76
38,76
23,76
20,76
17,76
21,76
19,76
26,76
27,76
24,76
11,76
28,76
19,76
22,76
29,76
31,76
27,76
25,76
27,75
27,75
26,75
30,75
19,75
22,75
28,75
23,75
21,75
3,75
18,75
28,75
14,75
29,75
33,75
15,75
16,75
26,75
29,75
31,75
18,75
23,75
22,75
21,75
24,75
21,75
28,75
14,75
22,75
19,75
21,75
25,75
20,75
23,75
24,75
15,75
29,75
23,75
27,75
36,75
21,75
19,75
28,75
15,75
31,75
29,75
30,75
37,75
25,75
24,75
30,75
32,75
23,75
10,75
14,75
36,75
27,75
38,75
15,75
27,75
17,75
23,75
25,75
16,75
28,75
25,75
18,75
19,75
26,75
19,75
29,75
24,75
27,75
35,75
21,75
25,75
24,75
21,75
26,75
28,75
29,75
22,75
17,75
21,75
31,75
17,75
17,75
31,75
23,75
14,75
22,75
25,75
26,75
27,75
39,75
25,74
23,74
23,74
23,74
22,74
20,74
21,74
18,74
25,74
20,74
26,74
18,74
22,74
17,74
27,74
30,74
22,74
34,74
20,74
22,74
18,74
26,74
15,74
24,74
17,74
36,74
16,74
18,74
26,74
26,74
28,74
18,74
17,74
25,74
18,74
17,74
22,74
24,74
21,74
22,74
34,74
13,74
19,74
14,74
25,74
28,74
27,74
22,74
16,74
24,74
11,74
32,74
17,74
21,74
19,74
29,74
16,74
16,74
26,74
17,74
28,74
14,74
24,74
28,74
25,74
22,74
22,74
20,74
29,74
28,74
17,74
14,74
12,74
18,74
9,74
22,74
26,74
28,74
20,74
26,74
16,74
33,74
26,74
24,74
18,74
20,74
33,74
25,74
26,74
25,74
27,74
15,74
22,74
26,74
20,74
28,74
25,74
25,74
28,74
14,74
25,74
18,74
23,74
19,74
27,74
36,73
29,73
29,73
23,73
18,73
27,73
31,73
28,73
16,73
31,73
30,73
22,73
25,73
27,73
20,73
24,73
28,73
23,73
26,73
22,73
30,73
17,73
22,73
22,73
22,73
27,73
15,73
20,73
28,73
21,73
16,73
26,73
27,73
15,73
12,73
16,73
34,73
25,73
26,73
22,73
20,73
30,73
27,73
36,73
19,73
29,73
11,73
8,73
21,73
21,73
27,73
23,73
25,73
22,73
15,73
30,73
12,73
14,73
32,73
20,73
29,73
30,73
35,73
16,73
21,73
14,73
33,73
16,73
17,73
36,73
18,73
21,73
33,73
23,73
23,73
24,73
23,73
17,73
26,73
24,73
28,73
28,73
25,73
27,73
9,73
20,73
16,73
14,73
18,73
22,73
15,73
19,73
19,73
11,73
28,73
16,73
27,73
24,72
29,72
20,72
20,72
20,72
23,72
11,72
29,72
24,72
15,72
19,72
17,72
14,72
24,72
25,72
25,72
23,72
23,72
26,72
30,72
13,72
19,72
30,72
33,72
23,72
23,72
17,72
17,72
16,72
20,72
21,72
29,72
22,72
13,72
18,72
21,72
13,72
18,72
22,72
16,72
14,72
22,72
23,72
29,72
24,72
9,72
35,72
26,72
15,72
24,72
16,72
17,72
30,72
18,72
20,72
21,72
11,72
25,72
29,72
19,72
21,72
25,72
24,72
31,72
15,72
23,72
25,72
28,72
14,72
13,72
21,72
22,72
18,72
25,72
23,72
18,72
32,72
27,72
20,72
11,72
18,72
32,72
22,72
8,72
14,72
31,72
13,72
29,72
15,72
25,72
19,72
16,72
20,72
31,72
25,72
22,72
19,72
11,72
20,72
20,72
10,72
25,72
34,72
19,72
29,72
20,72
11,72
25,72
22,72
24,72
26,72
19,71
22,71
22,71
21,71
19,71
13,71
20,71
27,71
24,71
20,71
13,71
28,71
25,71
17,71
16,71
25,71
21,71
29,71
28,71
25,71
17,71
21,71
36,71
20,71
29,71
16,71
19,71
21,71
8,71
26,71
8,71
28,71
16,71
25,71
14,71
23,71
22,71
23,71
22,71
8,71
17,71
18,71
20,71
19,71
13,71
20,71
21,71
32,71
7,71
13,71
27,71
11,71
28,71
20,71
8,71
17,71
19,71
19,71
26,71
25,71
15,71
20,71
14,71
27,71
15,71
27,71
12,71
25,71
15,71
15,71
33,71
7,71
6,71
19,71
36,71
26,71
14,71
21,71
29,71
24,71
20,71
32,71
17,71
21,71
9,71
19,71
22,71
24,71
26,71
22,71
21,71
21,71
27,71
9,71
27,71
30,71
25,71
25,71
32,71
20,71
22,71
17,70
19,70
18,70
20,70
24,70
25,70
23,70
17,70
14,70
13,70
18,70
8,70
24,70
30,70
12,70
9,70
22,70
33,70
30,70
26,70
24,70
18,70
21,70
14,70
30,70
19,70
11,70
18,70
24,70
18,70
13,70
13,70
15,70
17,70
14,70
21,70
12,70
23,70
8,70
27,70
10,70
29,70
9,70
31,70
11,70
11,70
24,70
22,70
11,70
17,70
22,70
18,70
10,70
16,70
24,70
26,70
14,70
22,70
23,70
0,70
11,70
20,70
23,70
22,70
19,70
19,70
25,70
6,70
14,70
17,70
17,70
21,70
18,70
16,70
15,70
16,70
23,70
8,70
23,70
18,69
7,69
4,69
16,69
10,69
19,69
23,69
29,69
25,69
20,69
22,69
21,69
25,69
25,69
14,69
21,69
21,69
29,69
20,69
11,69
16,69
16,69
28,69
19,69
11,69
13,69
19,69
9,69
16,69
2,69
12,69
17,69
19,69
17,69
14,69
20,69
21,69
16,69
20,69
29,69
20,69
12,69
9,69
14,69
16,69
6,69
10,69
0,69
28,69
29,69
19,69
26,69
19,69
22,69
21,69
20,69
28,69
7,69
21,69
13,69
13,69
19,69
21,69
20,69
18,69
14,69
20,69
10,69
14,69
19,69
18,68
15,68
20,68
24,68
22,68
24,68
18,68
28,68
4,68
17,68
14,68
22,68
17,68
23,68
15,68
20,68
22,68
23,68
16,68
13,68
18,68
7,68
10,68
11,68
24,68
25,68
21,68
20,68
20,68
18,68
16,68
17,68
17,68
19,68
13,68
20,68
8,68
28,68
13,68
4,68
7,68
19,68
29,68
15,68
18,68
0,68
19,68
18,68
26,68
13,68
16,68
24,68
14,68
33,68
19,68
15,68
17,68
26,68
29,68
20,68
14,68
27,68
20,68
22,68
24,68
22,68
16,68
16,68
20,68
25,68
35,68
25,68
0,68
13,68
18,68
19,68
17,68
15,68
21,67
24,67
10,67
33,67
15,67
20,67
18,67
12,67
13,67
18,67
21,67
20,67
12,67
4,67
19,67
14,67
18,67
11,67
23,67
21,67
20,67
22,67
19,67
27,67
18,67
20,67
25,67
23,67
9,67
15,67
16,67
21,67
12,67
14,67
21,67
4,67
15,67
0,67
18,67
16,67
24,67
8,67
19,67
17,67
17,67
18,67
12,67
18,67
13,67
27,67
14,67
21,67
19,67
21,67
19,67
23,67
15,67
5,67
11,67
22,67
16,67
9,67
27,67
19,67
16,67
26,67
24,67
3,67
32,67
20,67
9,67
16,67
30,67
17,67
13,67
19,67
21,67
8,67
15,66
13,66
33,66
15,66
5,66
13,66
10,66
13,66
32,66
21,66
14,66
23,66
23,66
4,66
24,66
19,66
23,66
19,66
16,66
18,66
17,66
20,66
11,66
22,66
16,66
20,66
18,66
11,66
21,66
17,66
0,66
12,66
19,66
12,66
13,66
13,66
16,66
9,66
16,66
21,66
12,66
23,66
14,66
15,66
11,66
18,66
23,66
27,66
28,66
15,66
14,66
26,66
19,66
12,66
18,66
8,66
10,66
11,66
14,66
13,66
19,66
12,66
17,66
16,66
30,66
19,66
17,66
18,65
18,65
26,65
16,65
9,65
22,65
21,65
24,65
20,65
12,65
4,65
37,65
12,65
14,65
16,65
22,65
22,65
19,65
13,65
22,65
23,65
21,65
6,65
11,65
22,65
18,65
13,65
14,65
23,65
11,65
20,65
12,65
7,65
28,65
13,65
12,65
10,65
1,65
21,65
8,65
3,65
30,65
5,65
10,65
11,65
26,65
23,65
19,65
18,65
22,65
6,65
16,65
14,65
19,65
20,65
19,65
26,65
17,65
14,65
11,65
19,65
23,65
20,65
27,65
23,65
18,65
10,65
22,65
9,65
14,65
11,65
17,65
15,65
21,65
13,65
6,65
13,65
22,65
8,64
9,64
17,64
10,64
15,64
9,64
18,64
10,64
8,64
22,64
10,64
26,64
17,64
12,64
10,64
13,64
11,64
29,64
22,64
26,64
16,64
14,64
14,64
21,64
14,64
23,64
20,64
11,64
30,64
22,64
16,64
15,64
19,64
18,64
26,64
5,64
16,64
22,64
17,64
15,64
17,64
11,64
24,64
23,64
15,64
13,64
4,64
33,64
13,64
18,64
17,64
16,64
13,64
5,64
17,64
17,64
23,64
14,64
19,64
24,64
24,64
24,64
17,64
9,64
12,64
16,64
12,64
7,64
0,63
14,63
16,63
16,63
25,63
5,63
14,63
21,63
10,63
11,63
4,63
15,63
12,63
28,63
17,63
27,63
9,63
12,63
22,63
18,63
8,63
20,63
23,63
3,63
27,63
16,63
0,63
10,63
17,63
10,63
20,63
12,63
1,63
31,63
6,63
21,63
16,63
17,63
8,63
16,63
25,63
20,63
13,63
18,63
19,63
6,63
0,63
16,63
12,63
24,63
12,63
26,63
18,63
12,63
8,63
15,63
12,63
16,63
16,63
16,63
7,63
15,63
11,63
8,63
18,63
13,63
13,63
0,63
33,63
4,63
21,63
6,63
9,63
8,62
8,62
8,62
17,62
22,62
14,62
12,62
20,62
10,62
13,62
0,62
19,62
17,62
23,62
16,62
11,62
2,62
13,62
20,62
14,62
13,62
7,62
11,62
10,62
14,62
25,62
16,62
19,62
13,62
15,62
6,62
13,62
19,62
8,62
20,62
15,62
15,62
2,62
20,62
16,62
6,62
6,62
5,62
17,62
8,62
21,62
3,62
0,62
11,62
12,62
12,62
7,62
10,62
15,62
12,62
0,62
6,62
4,62
15,62
14,62
18,62
19,62
15,61
11,61
23,61
8,61
4,61
20,61
14,61
19,61
14,61
12,61
8,61
6,61
18,61
12,61
27,61
12,61
8,61
16,61
13,61
18,61
17,61
19,61
26,61
23,61
8,61
5,61
22,61
17,61
9,61
13,61
8,61
20,61
13,61
3,61
10,61
10,61
14,61
2,61
2,61
15,61
15,61
12,61
11,61
22,61
11,61
16,61
12,61
21,61
20,61
17,61
14,61
13,61
22,61
11,61
12,61
11,61
4,61
15,61
11,61
4,61
16,61
4,60
17,60
18,60
11,60
21,60
16,60
19,60
10,60
2,60
4,60
18,60
16,60
8,60
17,60
22,60
0,60
22,60
0,60
13,60
6,60
21,60
19,60
4,60
0,60
1,60
15,60
13,60
9,60
16,60
17,60
6,60
8,60
10,60
12,60
5,60
21,60
9,60
24,60
22,60
13,60
16,60
16,60
19,60
11,60
24,60
7,60
17,60
11,60
11,60
4,60
27,60
9,59
15,59
11,59
13,59
13,59
6,59
16,59
10,59
19,59
10,59
15,59
12,59
9,59
0,59
14,59
16,59
17,59
13,59
12,59
19,59
17,59
15,59
18,59
10,59
9,59
16,59
1,59
10,59
4,59
17,59
12,59
14,59
12,59
3,59
16,59
19,59
21,59
14,59
7,59
9,59
16,59
16,59
16,59
10,59
15,59
9,59
10,59
9,59
3,59
0,59
9,59
15,59
4,59
10,59
16,58
11,58
15,58
17,58
23,58
14,58
2,58
18,58
5,58
19,58
17,58
12,58
6,58
8,58
13,58
13,58
19,58
0,58
7,58
16,58
13,58
5,58
0,58
20,58
26,58
20,58
12,58
9,58
25,58
19,58
14,58
7,58
11,58
18,58
21,58
9,58
18,58
16,58
16,58
8,58
6,58
14,58
6,58
11,58
6,58
1,58
14,58
13,58
11,58
19,58
19,58
17,58
13,58
3,58
17,58
2,58
14,57
8,57
12,57
7,57
18,57
15,57
12,57
0,57
8,57
17,57
8,57
7,57
8,57
19,57
1,57
15,57
5,57
10,57
11,57
9,57
8,57
0,57
9,57
15,57
0,57
10,57
18,57
12,57
11,57
6,57
4,57
11,57
21,57
16,57
9,57
3,57
19,57
7,57
0,57
3,57
10,57
18,57
9,57
14,57
16,57
9,57
2,57
0,56
0,56
6,56
13,56
12,56
20,56
12,56
16,56
18,56
11,56
19,56
10,56
6,56
9,56
10,56
0,56
8,56
11,56
12,56
9,56
10,56
0,56
5,56
8,56
6,56
16,56
0,56
14,56
10,56
9,56
13,56
22,56
4,56
13,56
17,56
14,56
8,56
4,56
15,56
7,56
17,56
17,56
9,56
13,56
8,56
24,56
6,56
3,56
0,56
14,56
9,55
0,55
7,55
18,55
12,55
2,55
6,55
11,55
1,55
15,55
5,55
4,55
21,55
14,55
17,55
6,55
5,55
6,55
13,55
9,55
6,55
12,55
14,55
5,55
3,55
4,55
9,54
5,54
6,54
6,54
4,54
21,54
12,54
0,54
10,54
0,54
12,54
4,54
1,54
8,54
3,54
26,54
7,54
16,54
14,54
3,54
20,54
4,54
14,54
4,54
5,54
17,54
0,54
8,54
7,54
8,54
10,54
5,54
3,54
5,54
9,54
0,54
3,54
8,54
12,54
9,54
7,54
10,54
10,54
8,54
15,54
8,54
18,54
5,54
8,54
19,54
14,53
1,53
12,53
13,53
12,53
13,53
7,53
10,53
19,53
12,53
13,53
11,53
14,53
0,53
12,53
0,53
10,53
13,53
8,53
19,53
12,53
5,53
10,52
0,52
6,52
11,52
16,52
5,52
17,52
6,52
0,52
7,52
0,52
13,52
4,52
9,52
14,52
16,52
7,52
11,52
2,52
15,52
14,52
14,52
13,52
13,52
11,52
0,52
11,51
14,51
0,51
12,51
4,51
6,51
11,51
9,51
7,51
7,51
8,51
10,51
0,51
0,51
14,51
10,51
6,51
5,51
4,51
6,51
0,51
8,51
11,51
15,50
3,50
0,50
10,50
18,50
2,50
0,50
10,50
1,50
0,50
4,50
5,50
6,50
14,50
2,50
0,50
0,50
12,50
10,50
10,50
14,50
0,50
5,49
2,49
12,49
10,49
7,49
0,49
8,49
5,49
0,49
4,49
12,49
3,49
0,49
0,49
0,49
7,49
9,49
18,49
21,49
9,49
17,49
0,48
9,48
11,48
0,48
6,48
0,48
0,48
0,48
0,48
8,48
0,48
2,48
10,48
3,48
7,48
7,48
0,48
8,48
7,48
0,48
2,48
0,48
0,48
7,48
1,48
10,48
6,48
17,48
0,48
3,48
5,48
4,48
5,48
0,48
0,48
8,48
3,48
3,48
0,48
10,48
7,47
10,47
5,47
0,47
0,47
8,47
0,47
0,47
4,47
0,47
0,47
0,47
3,47
2,47
13,47
0,47
0,47
0,47
0,47
0,47
2,47
4,47
14,47
1,46
1,46
0,46
0,46
0,46
0,46
0,46
4,46
0,46
0,46
3,46
11,46
0,46
11,45
0,45
0,45
0,45
0,45
0,45
2,45
8,45
0,45
13,45
7,45
7,45
4,45
11,45
0,44
5,44
12,44
0,44
15,44
0,44
3,44
4,44
8,44
0,44
2,44
6,44
0,44
0,44
1,44
0,44
11,43
6,43
0,43
0,43
6,43
0,43
15,43
2,43
7,43
0,42
0,42
11,42
9,42
0,42
13,42
2,42
4,42
1,42
7,42
0,42
0,42
2,42
0,41
0,41
3,41
0,41
14,41
0,41
7,41
8,41
7,41
7,41
0,41
0,41
4,40
11,40
0,40
0,40
0,40
0,39
0,39
0,39
0,39
0,39
0,39
0,39
0,38
0,38
0,38
2,38
0,38
3,38
2,38
0,38
0,38
0,37
8,37
6,37
0,37
1,37
0,37
0,37
0,37
0,37
0,37
5,36
0,36
9,36
2,36
0,36
1,36
0,36
0,36
0,36
3,36
0,35
4,35
0,35
2,35
5,35
10,35
0,34
0,34
0,33
0,32
4,32
0,32
0,32
0,32
0,30
0,30
0,30
4,29
0,29
5,27
1,27
5,26
2,26
1,25
0,24
0,23