TestA,Total
99,199
100,198
97,197
100,191
90,190
98,190
98,185
81,181
96,181
83,181
95,180
80,180
90,179
81,179
92,179
86,177
78,176
88,176
82,175
84,175
92,174
86,173
93,173
76,172
88,171
81,171
91,171
96,170
82,169
83,169
78,169
91,169
78,168
82,168
79,168
86,167
90,167
89,167
89,167
86,167
84,167
76,166
82,166
80,166
74,166
79,166
89,166
78,165
72,165
82,164
84,164
77,164
74,164
75,164
81,163
77,163
93,163
77,163
77,163
80,163
78,163
74,163
80,163
78,163
70,163
87,162
82,162
80,162
84,162
84,162
79,162
86,162
82,162
80,162
90,162
84,162
78,162
83,161
88,161
70,161
84,161
81,161
75,161
91,161
84,160
76,160
80,160
71,160
85,160
81,160
70,160
80,160
80,159
80,159
86,159
82,159
80,159
74,159
72,159
73,159
60,159
87,159
84,159
79,159
85,158
71,158
88,158
74,158
79,158
81,158
81,158
84,158
78,158
79,158
69,158
80,158
75,158
80,158
92,157
75,157
66,157
75,157
81,157
72,157
82,157
78,157
72,157
67,157
75,157
79,157
87,157
74,156
77,156
82,156
71,156
72,156
69,156
81,156
65,156
68,156
88,156
82,156
66,156
85,156
76,156
77,156
86,156
61,156
66,156
78,156
82,156
78,156
73,155
82,155
92,155
78,155
77,155
71,155
85,155
81,155
78,155
82,155
77,155
69,155
79,155
71,155
71,154
76,154
67,154
80,154
78,154
80,154
77,154
70,154
71,154
79,154
84,154
80,154
84,154
78,154
84,154
83,154
78,154
73,154
68,154
81,154
70,153
74,153
79,153
76,153
79,153
83,153
79,153
75,153
71,153
84,153
81,152
78,152
77,152
79,152
65,152
77,152
87,152
83,152
79,152
78,152
86,152
74,152
69,152
80,152
82,152
79,152
80,152
82,152
76,152
75,152
78,152
85,152
70,152
79,152
94,152
74,152
78,152
74,151
70,151
76,151
75,151
73,151
76,151
74,151
75,151
80,151
85,151
79,151
82,151
69,151
82,151
71,151
69,151
72,151
75,151
77,151
65,151
66,151
87,151
73,151
81,151
79,151
83,151
76,151
76,151
79,150
78,150
82,150
74,150
82,150
71,150
80,150
76,150
82,150
83,150
85,150
82,150
76,150
83,150
60,150
74,150
75,150
74,150
75,149
68,149
77,149
81,149
78,149
69,149
73,149
78,149
82,149
81,149
74,149
72,149
64,149
77,149
72,149
80,149
80,149
78,149
81,149
75,149
73,149
75,149
68,149
68,149
76,149
77,148
74,148
73,148
78,148
79,148
83,148
69,148
79,148
80,148
73,148
76,148
68,148
78,148
69,148
80,148
74,148
72,148
78,148
75,148
81,148
75,148
63,148
79,148
79,148
74,148
67,148
76,147
78,147
77,147
74,147
63,147
75,147
76,147
77,147
74,147
76,147
82,147
92,147
73,147
76,147
72,147
71,147
77,147
80,147
73,147
74,147
78,147
83,147
81,147
72,147
86,147
78,147
69,147
73,147
77,147
71,147
81,147
78,146
75,146
78,146
71,146
84,146
80,146
84,146
79,146
76,146
77,146
82,146
80,146
58,146
69,146
77,146
68,146
77,146
73,146
73,146
85,146
76,146
77,146
73,146
75,146
70,146
76,146
80,146
80,146
77,146
74,146
78,146
70,146
67,146
72,146
72,146
72,146
75,146
73,146
80,146
70,146
78,146
79,146
72,146
76,146
79,146
76,146
74,146
66,146
82,146
67,146
75,146
65,145
78,145
78,145
69,145
81,145
76,145
63,145
67,145
83,145
70,145
71,145
77,145
77,145
73,145
81,145
74,145
73,145
71,145
64,145
65,145
64,145
72,145
82,145
79,145
72,145
78,145
76,145
70,145
66,145
69,145
74,145
83,145
75,145
81,145
69,145
70,144
66,144
71,144
84,144
74,144
72,144
74,144
79,144
76,144
72,144
80,144
79,144
73,144
78,144
75,144
74,144
77,144
67,144
72,144
67,144
80,144
77,144
74,144
73,144
67,144
78,144
85,144
71,144
82,144
68,144
65,144
72,144
76,144
68,144
79,144
68,144
73,144
81,144
64,143
71,143
74,143
76,143
68,143
74,143
74,143
72,143
72,143
79,143
67,143
72,143
78,143
80,143
74,143
67,143
68,143
62,143
67,143
85,143
76,143
82,143
72,143
70,143
71,143
79,143
73,143
58,143
86,143
75,143
75,143
73,143
86,143
72,143
76,143
68,143
69,143
70,143
79,143
72,143
71,143
73,143
71,143
69,143
73,142
76,142
79,142
73,142
72,142
78,142
75,142
63,142
68,142
74,142
74,142
61,142
70,142
75,142
62,142
78,142
73,142
67,142
80,142
69,142
79,142
83,142
70,142
65,142
72,142
76,142
78,142
76,142
81,142
71,142
70,142
78,142
79,142
66,142
72,142
75,142
87,142
78,142
78,142
77,142
78,142
74,142
74,142
72,142
71,142
84,142
80,142
84,142
75,142
69,142
72,142
81,142
73,142
80,142
82,142
80,142
68,141
83,141
82,141
77,141
73,141
83,141
79,141
76,141
73,141
62,141
68,141
62,141
67,141
74,141
81,141
85,141
74,141
72,141
64,141
71,141
77,141
83,141
66,141
76,141
72,141
67,141
68,141
81,141
76,141
89,141
76,141
74,141
82,141
65,141
79,141
77,141
57,141
73,141
74,141
76,141
71,141
71,141
73,140
74,140
70,140
82,140
69,140
67,140
71,140
65,140
75,140
78,140
76,140
72,140
75,140
75,140
77,140
85,140
74,140
73,140
78,140
70,140
72,140
72,140
66,140
73,140
82,140
64,140
69,140
78,140
66,140
72,140
61,140
88,140
68,140
72,140
76,140
72,140
61,140
59,140
73,140
81,140
72,140
81,140
75,140
74,140
71,140
74,140
70,140
69,140
70,140
79,140
73,140
73,140
76,139
79,139
75,139
75,139
67,139
72,139
66,139
77,139
70,139
66,139
67,139
79,139
67,139
63,139
73,139
62,139
72,139
75,139
72,139
70,139
81,139
85,139
74,139
65,139
75,139
70,139
59,139
77,139
76,139
71,139
72,139
71,139
78,139
76,139
76,139
73,139
73,139
71,139
85,139
67,139
72,139
72,139
76,139
73,139
83,139
76,139
77,138
77,138
82,138
70,138
73,138
65,138
63,138
81,138
69,138
73,138
69,138
64,138
73,138
73,138
86,138
78,138
66,138
71,138
76,138
63,138
72,138
64,138
78,138
65,138
78,138
70,138
74,138
79,138
74,138
74,138
72,138
75,138
68,138
81,138
76,138
76,138
73,138
70,138
79,138
80,138
73,138
75,138
76,138
67,138
85,138
66,138
66,138
68,138
66,138
78,138
74,138
76,138
74,138
71,138
68,138
79,138
88,138
58,137
71,137
78,137
68,137
72,137
77,137
70,137
76,137
71,137
75,137
60,137
74,137
67,137
69,137
75,137
73,137
72,137
68,137
74,137
67,137
61,137
71,137
67,137
74,137
77,137
89,137
66,137
64,137
76,137
74,137
71,137
75,137
70,137
59,137
60,137
80,137
78,137
73,137
74,137
77,137
66,137
72,137
70,137
79,137
65,137
77,137
63,137
76,137
78,137
72,137
78,137
71,137
71,137
75,137
83,137
71,137
72,137
74,137
70,137
86,137
77,137
69,137
66,136
62,136
69,136
71,136
65,136
75,136
75,136
73,136
82,136
70,136
76,136
74,136
85,136
72,136
77,136
71,136
72,136
63,136
72,136
80,136
65,136
67,136
68,136
75,136
73,136
75,136
69,136
64,136
71,136
75,136
75,136
71,136
66,136
63,136
69,136
73,136
73,136
67,136
63,136
73,136
79,136
65,136
77,136
78,136
77,136
65,136
71,136
73,136
66,136
71,136
70,136
64,136
68,136
66,136
72,136
67,135
77,135
73,135
69,135
76,135
72,135
68,135
65,135
62,135
66,135
66,135
80,135
68,135
64,135
74,135
71,135
81,135
76,135
65,135
74,135
67,135
73,135
64,135
72,135
73,135
76,135
71,135
66,135
76,135
67,135
71,135
68,135
74,135
69,135
72,135
76,135
84,135
75,135
69,135
66,135
67,135
83,135
72,135
74,135
72,135
83,135
72,135
79,135
68,135
69,135
68,135
74,135
88,135
64,135
69,134
81,134
62,134
73,134
68,134
55,134
64,134
62,134
76,134
63,134
69,134
59,134
61,134
70,134
65,134
78,134
67,134
66,134
72,134
66,134
67,134
74,134
68,134
66,134
66,134
76,134
64,134
70,134
73,134
78,134
63,134
64,134
63,134
70,134
82,134
74,134
63,134
68,134
78,134
72,134
73,134
70,134
61,134
68,134
76,134
59,134
72,134
75,134
78,134
72,134
61,134
70,134
74,134
64,134
70,134
80,134
70,134
72,134
72,134
71,134
75,134
65,134
64,134
74,134
73,134
71,134
73,133
64,133
63,133
76,133
70,133
81,133
72,133
79,133
69,133
74,133
61,133
77,133
67,133
62,133
70,133
76,133
69,133
71,133
68,133
63,133
87,133
67,133
79,133
78,133
76,133
65,133
68,133
67,133
58,133
73,133
69,133
73,133
61,133
64,133
70,133
80,133
67,133
70,133
74,133
70,133
70,133
61,133
72,133
67,133
68,133
69,133
73,133
60,133
65,133
68,133
71,133
69,133
69,133
73,133
68,133
71,133
81,133
61,133
65,133
57,133
68,133
84,133
73,133
70,133
74,133
81,133
72,133
76,133
58,133
78,133
68,133
77,133
71,133
76,133
72,133
72,133
65,133
73,133
79,133
59,133
66,133
72,133
70,133
66,133
72,133
67,133
76,133
71,132
66,132
75,132
77,132
79,132
69,132
76,132
65,132
61,132
62,132
65,132
69,132
69,132
74,132
71,132
69,132
73,132
84,132
69,132
78,132
75,132
75,132
72,132
78,132
71,132
58,132
71,132
73,132
74,132
70,132
75,132
83,132
70,132
69,132
67,132
59,132
70,132
66,132
72,132
61,132
66,132
59,132
73,132
69,132
64,132
73,132
67,132
69,132
70,132
61,132
68,132
67,132
65,132
63,132
71,132
67,132
80,132
66,132
67,132
81,132
71,132
75,132
73,132
75,132
67,132
74,132
73,132
59,132
63,132
69,132
67,132
67,132
69,132
74,132
68,132
70,131
64,131
70,131
67,131
72,131
70,131
74,131
64,131
74,131
74,131
71,131
70,131
74,131
59,131
70,131
58,131
65,131
65,131
63,131
60,131
72,131
69,131
66,131
70,131
65,131
69,131
62,131
72,131
72,131
80,131
72,131
68,131
70,131
84,131
81,131
76,131
61,131
64,131
82,131
75,131
68,131
68,131
75,131
65,131
68,131
65,131
69,131
74,131
62,131
59,131
66,131
60,131
82,131
75,131
57,131
66,131
71,131
70,131
75,131
69,131
79,131
66,131
65,131
79,131
69,131
68,131
66,131
77,131
73,131
68,131
68,131
63,131
70,131
77,131
72,131
74,131
64,131
75,131
66,131
65,131
72,131
70,131
77,131
65,131
65,130
60,130
57,130
75,130
65,130
78,130
75,130
73,130
79,130
66,130
66,130
63,130
63,130
78,130
73,130
69,130
76,130
74,130
65,130
62,130
68,130
78,130
68,130
67,130
57,130
70,130
77,130
77,130
62,130
77,130
70,130
75,130
73,130
65,130
60,130
72,130
62,130
60,130
74,130
73,130
68,130
72,130
64,130
63,130
68,130
64,130
69,130
56,130
60,130
60,130
83,130
73,130
63,130
66,130
80,130
67,130
75,130
77,130
71,130
65,130
61,130
66,130
78,130
63,130
65,130
68,130
90,130
64,130
73,130
66,130
74,130
79,130
67,130
78,130
66,130
64,129
70,129
68,129
70,129
60,129
71,129
76,129
77,129
70,129
72,129
68,129
65,129
67,129
79,129
62,129
61,129
72,129
63,129
79,129
67,129
71,129
76,129
62,129
72,129
71,129
58,129
61,129
71,129
74,129
65,129
61,129
79,129
70,129
59,129
65,129
70,129
58,129
67,129
73,129
66,129
75,129
64,129
68,129
77,129
74,129
76,129
62,129
62,129
67,129
76,129
66,129
65,129
74,129
67,129
83,129
80,129
70,129
70,129
70,129
72,129
55,129
68,129
75,129
74,129
64,129
68,129
62,129
69,129
72,129
75,129
67,129
69,129
66,129
68,129
72,129
72,129
69,129
71,129
71,129
72,129
75,129
78,129
76,129
64,129
75,129
68,129
66,129
71,129
66,129
73,129
64,129
69,129
59,129
80,129
67,129
70,129
69,129
66,129
66,129
71,129
75,129
79,129
72,129
64,129
70,129
74,129
76,129
68,129
69,129
70,129
75,129
65,129
79,128
59,128
56,128
69,128
69,128
63,128
74,128
73,128
64,128
70,128
63,128
78,128
71,128
66,128
70,128
58,128
75,128
69,128
67,128
70,128
76,128
67,128
71,128
84,128
61,128
70,128
76,128
67,128
72,128
61,128
70,128
72,128
67,128
79,128
75,128
69,128
62,128
72,128
60,128
62,128
78,128
77,128
61,128
73,128
73,128
68,128
57,128
61,128
73,128
73,128
68,128
71,128
73,128
68,128
71,128
67,128
72,128
78,128
72,128
78,128
75,128
66,128
67,128
71,128
73,128
76,128
68,128
71,128
69,128
71,128
83,128
72,128
73,128
64,128
62,128
66,128
76,128
61,128
66,128
67,128
63,128
81,128
75,128
70,128
62,128
67,128
68,127
67,127
69,127
69,127
63,127
70,127
60,127
64,127
78,127
64,127
65,127
69,127
60,127
81,127
69,127
75,127
67,127
75,127
70,127
54,127
61,127
78,127
69,127
58,127
75,127
65,127
66,127
69,127
59,127
74,127
64,127
63,127
67,127
80,127
77,127
66,127
62,127
73,127
78,127
69,127
72,127
72,127
70,127
66,127
79,127
74,127
73,127
74,127
58,127
59,127
65,127
52,127
73,127
69,127
66,127
59,127
59,127
76,127
68,127
69,127
74,127
68,127
75,127
69,127
72,127
66,127
80,127
64,127
74,127
63,127
73,127
60,127
69,127
69,127
70,127
70,127
74,127
73,127
66,127
70,127
75,127
78,127
70,127
57,127
62,127
70,127
60,127
72,127
66,127
59,127
68,127
72,127
71,127
71,127
71,127
54,127
66,127
69,127
63,127
58,127
60,127
68,127
69,127
62,127
66,127
67,126
68,126
61,126
66,126
71,126
80,126
59,126
67,126
68,126
64,126
76,126
72,126
71,126
79,126
67,126
68,126
60,126
67,126
65,126
72,126
66,126
66,126
74,126
68,126
62,126
80,126
60,126
60,126
77,126
71,126
74,126
75,126
64,126
62,126
76,126
79,126
68,126
77,126
69,126
69,126
66,126
64,126
64,126
74,126
71,126
66,126
74,126
65,126
70,126
69,126
72,126
59,126
67,126
81,126
67,126
72,126
72,126
72,126
69,126
58,126
70,126
71,126
66,126
61,126
69,126
79,126
70,126
70,126
66,126
69,126
66,126
61,126
63,126
67,126
67,126
74,126
61,126
71,126
71,126
81,126
62,126
67,126
79,126
60,126
71,126
74,126
59,126
76,126
68,126
65,126
55,126
79,126
69,126
68,126
71,126
65,126
76,126
62,126
54,126
75,126
69,126
72,126
74,126
67,126
60,126
73,126
61,126
68,126
78,126
75,126
70,126
64,126
69,126
57,126
65,126
77,126
56,126
69,126
73,126
81,126
67,126
73,126
72,126
69,126
68,126
74,126
72,126
72,126
63,126
66,126
66,126
68,126
65,126
75,126
69,125
63,125
62,125
66,125
67,125
60,125
62,125
72,125
68,125
64,125
63,125
72,125
75,125
79,125
68,125
68,125
74,125
72,125
78,125
66,125
61,125
71,125
73,125
71,125
68,125
69,125
60,125
72,125
73,125
68,125
61,125
75,125
77,125
65,125
61,125
70,125
68,125
72,125
63,125
63,125
66,125
75,125
67,125
68,125
80,125
73,125
75,125
66,125
73,125
64,125
72,125
75,125
62,125
71,125
65,125
75,125
82,125
64,125
60,125
67,125
59,125
66,125
54,125
79,125
78,125
71,125
62,125
71,125
59,125
70,125
83,125
69,125
66,125
68,125
69,125
66,125
69,125
65,125
70,125
64,125
72,125
78,125
65,125
65,125
56,125
77,125
69,125
73,125
77,125
60,125
72,125
88,125
71,125
70,125
74,125
60,125
63,125
79,125
63,125
65,125
69,125
63,125
65,125
74,124
68,124
67,124
84,124
62,124
55,124
69,124
78,124
61,124
70,124
76,124
57,124
69,124
71,124
64,124
71,124
70,124
70,124
77,124
63,124
70,124
70,124
61,124
77,124
63,124
68,124
72,124
65,124
64,124
73,124
61,124
63,124
69,124
78,124
64,124
71,124
63,124
59,124
69,124
77,124
54,124
75,124
67,124
67,124
62,124
70,124
61,124
62,124
59,124
69,124
69,124
75,124
69,124
68,124
81,124
71,124
70,124
81,124
62,124
75,124
75,124
71,124
74,124
59,124
65,124
68,124
68,124
60,124
64,124
66,124
81,124
69,124
70,124
71,124
72,124
66,124
67,124
77,124
78,124
62,124
73,124
65,124
65,124
66,124
73,124
64,124
63,124
69,124
64,124
63,124
80,124
67,124
60,124
72,124
70,124
71,124
63,124
71,124
64,124
66,124
72,124
70,124
66,124
70,124
63,124
61,124
64,124
69,124
68,124
69,124
64,124
66,124
77,124
61,124
69,124
66,124
66,124
62,124
65,124
77,124
65,124
73,124
65,124
67,124
71,124
52,124
56,124
72,124
56,124
64,124
58,124
68,124
66,124
60,124
60,124
59,123
58,123
58,123
73,123
78,123
69,123
52,123
55,123
75,123
62,123
65,123
62,123
77,123
74,123
71,123
77,123
70,123
70,123
60,123
64,123
64,123
64,123
69,123
66,123
50,123
65,123
76,123
71,123
68,123
71,123
72,123
66,123
75,123
69,123
60,123
73,123
53,123
70,123
73,123
63,123
60,123
76,123
68,123
71,123
56,123
72,123
60,123
71,123
57,123
68,123
65,123
74,123
58,123
57,123
70,123
66,123
67,123
60,123
69,123
70,123
58,123
60,123
57,123
65,123
68,123
76,123
53,123
63,123
65,123
63,123
70,123
73,123
75,123
54,123
70,123
61,123
68,123
63,123
62,123
74,123
77,123
78,123
57,123
67,123
62,123
65,123
65,123
57,123
62,123
67,123
71,123
68,123
66,123
65,123
52,123
67,123
68,123
64,123
68,123
75,123
70,123
73,123
68,123
70,123
57,123
76,123
70,123
66,123
63,122
60,122
74,122
70,122
70,122
69,122
65,122
72,122
74,122
69,122
69,122
55,122
67,122
66,122
52,122
70,122
55,122
67,122
74,122
64,122
61,122
69,122
74,122
66,122
69,122
55,122
68,122
57,122
70,122
54,122
70,122
69,122
64,122
63,122
66,122
62,122
59,122
54,122
63,122
77,122
61,122
67,122
69,122
75,122
62,122
62,122
65,122
63,122
63,122
70,122
63,122
74,122
71,122
67,122
76,122
71,122
75,122
59,122
59,122
63,122
71,122
75,122
59,122
61,122
73,122
86,122
73,122
65,122
68,122
60,122
73,122
77,122
56,122
66,122
66,122
66,122
67,122
67,122
59,122
66,122
70,122
72,122
66,122
72,122
63,122
71,122
68,122
65,122
72,122
58,122
57,122
67,122
73,122
65,122
66,122
68,122
68,122
88,122
68,122
66,122
59,122
65,122
69,122
64,122
66,122
64,122
63,122
63,122
65,122
67,122
75,122
69,122
78,122
57,122
59,122
70,122
64,121
69,121
55,121
71,121
59,121
72,121
72,121
69,121
46,121
71,121
72,121
76,121
71,121
82,121
73,121
55,121
67,121
72,121
77,121
63,121
78,121
67,121
71,121
71,121
74,121
61,121
69,121
65,121
67,121
73,121
71,121
67,121
58,121
60,121
73,121
63,121
72,121
66,121
60,121
67,121
64,121
69,121
79,121
72,121
69,121
76,121
80,121
66,121
64,121
61,121
70,121
67,121
62,121
69,121
79,121
65,121
64,121
68,121
59,121
72,121
64,121
65,121
67,121
72,121
69,121
73,121
76,121
76,121
68,121
64,121
66,121
53,121
58,121
62,121
63,121
77,121
68,121
72,121
66,121
78,121
57,121
66,121
56,121
58,121
70,121
68,121
74,121
62,121
65,121
60,121
58,121
71,121
64,121
61,121
74,121
77,121
66,121
69,121
73,121
68,121
62,121
75,121
67,121
71,121
69,121
72,121
71,121
71,121
72,121
57,121
64,121
63,121
68,121
61,121
68,121
66,121
67,121
69,121
75,121
56,121
57,121
65,121
61,121
56,121
72,121
62,121
66,121
80,121
74,121
60,120
64,120
55,120
67,120
57,120
73,120
59,120
63,120
70,120
63,120
54,120
58,120
62,120
66,120
61,120
69,120
74,120
62,120
76,120
73,120
62,120
64,120
68,120
76,120
63,120
69,120
69,120
64,120
65,120
63,120
68,120
68,120
69,120
64,120
66,120
68,120
63,120
64,120
69,120
71,120
62,120
70,120
61,120
67,120
74,120
65,120
63,120
62,120
77,120
61,120
66,120
63,120
71,120
61,120
71,120
61,120
72,120
72,120
72,120
61,120
57,120
65,120
70,120
64,120
72,120
67,120
60,120
69,120
67,120
74,120
74,120
48,120
69,120
65,120
75,120
67,120
62,120
67,120
76,120
65,120
65,120
63,120
72,120
70,120
59,120
63,120
71,120
66,120
63,120
54,120
69,120
76,120
57,120
65,120
55,120
67,120
63,120
72,120
66,120
75,120
74,120
70,120
69,120
69,120
56,120
70,120
74,120
70,120
67,120
64,120
67,120
75,120
76,120
73,120
65,120
61,120
69,120
67,119
59,119
66,119
64,119
61,119
68,119
61,119
74,119
56,119
68,119
62,119
63,119
76,119
68,119
72,119
78,119
61,119
63,119
62,119
71,119
72,119
58,119
72,119
67,119
67,119
64,119
72,119
72,119
62,119
70,119
75,119
67,119
75,119
78,119
59,119
62,119
69,119
63,119
71,119
68,119
60,119
60,119
71,119
69,119
65,119
58,119
69,119
63,119
72,119
75,119
61,119
58,119
49,119
81,119
73,119
69,119
61,119
67,119
70,119
59,119
70,119
66,119
63,119
72,119
74,119
66,119
76,119
62,119
63,119
68,119
70,119
76,119
68,119
73,119
69,119
59,119
70,119
67,119
69,119
63,119
68,119
73,119
66,119
55,119
58,119
60,119
57,119
71,119
75,119
64,119
59,119
59,119
60,119
77,119
64,119
63,119
70,119
77,119
62,119
60,119
64,119
77,119
68,119
66,119
63,119
65,119
68,119
56,119
64,119
74,119
61,119
63,119
73,119
56,119
80,119
69,119
75,119
73,119
62,119
66,119
73,119
69,119
70,119
66,119
75,119
69,119
55,119
72,119
58,119
60,119
59,119
65,119
72,119
72,119
69,118
58,118
74,118
50,118
57,118
64,118
69,118
69,118
71,118
70,118
63,118
69,118
69,118
70,118
53,118
58,118
76,118
55,118
70,118
74,118
71,118
71,118
72,118
74,118
57,118
69,118
78,118
64,118
75,118
62,118
65,118
72,118
56,118
64,118
67,118
70,118
72,118
65,118
70,118
54,118
73,118
66,118
71,118
63,118
61,118
62,118
68,118
60,118
66,118
70,118
82,118
61,118
67,118
69,118
65,118
63,118
65,118
56,118
70,118
75,118
64,118
65,118
71,118
62,118
71,118
68,118
63,118
71,118
69,118
55,118
60,118
61,118
59,118
65,118
60,118
72,118
74,118
66,118
69,118
69,118
67,118
60,118
69,118
64,118
63,118
62,118
67,118
78,118
63,118
62,118
60,118
61,118
69,118
75,118
74,118
72,118
62,118
70,118
75,118
69,118
65,118
60,118
61,118
62,118
74,118
67,118
75,118
71,118
65,118
67,118
59,118
59,118
71,118
71,118
72,118
71,118
66,118
60,118
63,118
68,118
53,118
59,118
72,118
59,118
68,118
78,118
66,118
55,118
74,118
64,118
76,118
70,118
67,118
67,118
65,118
70,118
57,118
70,118
73,118
89,118
67,118
79,118
66,118
77,118
69,118
65,118
72,117
83,117
66,117
66,117
58,117
70,117
65,117
51,117
62,117
71,117
58,117
68,117
72,117
67,117
59,117
59,117
61,117
62,117
66,117
71,117
69,117
59,117
73,117
66,117
67,117
55,117
69,117
63,117
51,117
59,117
71,117
63,117
63,117
56,117
63,117
59,117
62,117
71,117
58,117
59,117
58,117
61,117
73,117
62,117
67,117
60,117
52,117
61,117
68,117
65,117
62,117
57,117
61,117
65,117
54,117
67,117
62,117
58,117
59,117
72,117
66,117
76,117
69,117
63,117
71,117
71,117
58,117
66,117
65,117
73,117
67,117
75,117
67,117
69,117
73,117
67,117
58,117
65,117
77,117
60,117
63,117
65,117
66,117
68,117
73,117
62,117
63,117
76,117
57,117
73,117
61,117
53,117
76,117
64,117
57,117
71,117
72,117
64,117
55,117
63,117
58,117
73,117
69,117
72,117
61,117
66,117
55,117
66,117
65,117
72,117
77,117
71,117
75,117
59,117
75,117
57,117
67,117
68,117
65,117
72,117
72,117
68,117
60,117
62,117
66,117
66,117
65,117
62,117
69,117
69,117
65,117
81,117
69,117
62,117
65,117
67,117
68,117
66,117
66,117
76,117
62,117
62,117
67,117
64,117
73,117
56,117
66,117
61,116
67,116
57,116
63,116
62,116
64,116
65,116
64,116
61,116
66,116
60,116
58,116
62,116
73,116
62,116
60,116
79,116
62,116
74,116
72,116
58,116
66,116
62,116
62,116
65,116
77,116
55,116
76,116
79,116
62,116
65,116
62,116
61,116
66,116
70,116
73,116
73,116
69,116
64,116
64,116
66,116
65,116
74,116
66,116
66,116
74,116
69,116
67,116
74,116
58,116
68,116
54,116
61,116
78,116
59,116
59,116
61,116
71,116
69,116
70,116
56,116
65,116
58,116
80,116
58,116
69,116
70,116
72,116
59,116
64,116
56,116
72,116
60,116
69,116
72,116
60,116
71,116
68,116
75,116
70,116
60,116
53,116
64,116
65,116
64,116
65,116
64,116
60,116
68,116
73,116
64,116
65,116
72,116
60,116
72,116
74,116
64,116
61,116
58,116
72,116
59,116
58,116
70,116
60,116
65,116
65,116
75,116
62,116
63,116
57,116
75,116
75,116
64,116
68,116
64,116
63,116
66,116
59,116
60,116
70,116
67,116
55,116
77,116
70,116
62,116
74,116
57,116
58,116
65,116
75,116
59,116
61,116
71,116
59,116
67,116
57,116
59,116
70,116
74,116
60,116
69,116
72,116
61,116
73,115
53,115
61,115
70,115
66,115
65,115
59,115
66,115
70,115
60,115
50,115
59,115
72,115
59,115
72,115
65,115
71,115
66,115
63,115
66,115
64,115
72,115
62,115
60,115
63,115
72,115
65,115
71,115
66,115
67,115
55,115
68,115
71,115
73,115
72,115
55,115
62,115
66,115
68,115
71,115
69,115
75,115
62,115
69,115
58,115
60,115
74,115
66,115
75,115
68,115
69,115
77,115
68,115
73,115
55,115
66,115
52,115
84,115
65,115
61,115
67,115
75,115
78,115
60,115
77,115
66,115
61,115
71,115
57,115
64,115
65,115
60,115
66,115
59,115
67,115
71,115
68,115
64,115
75,115
53,115
68,115
62,115
68,115
69,115
67,115
59,115
64,115
73,115
61,115
49,115
55,115
56,115
55,115
69,115
66,115
69,115
63,115
65,115
55,115
65,115
68,115
74,115
60,115
60,115
68,115
62,115
59,115
70,115
60,115
65,115
65,115
69,115
62,115
59,115
63,115
66,115
62,115
57,115
51,115
73,115
61,115
73,115
71,115
65,114
65,114
60,114
61,114
67,114
61,114
69,114
61,114
61,114
65,114
71,114
63,114
76,114
63,114
68,114
59,114
78,114
75,114
60,114
61,114
68,114
67,114
70,114
71,114
53,114
62,114
70,114
62,114
66,114
62,114
63,114
58,114
65,114
79,114
66,114
65,114
62,114
55,114
68,114
57,114
71,114
66,114
68,114
73,114
60,114
65,114
64,114
66,114
63,114
71,114
69,114
74,114
59,114
61,114
71,114
60,114
50,114
69,114
70,114
67,114
55,114
62,114
69,114
61,114
68,114
68,114
62,114
69,114
59,114
63,114
54,114
62,114
52,114
68,114
65,114
62,114
53,114
71,114
64,114
63,114
52,114
64,114
68,114
72,114
68,114
68,114
62,114
59,114
62,114
69,114
57,114
69,114
66,114
55,114
73,114
71,114
70,114
58,114
73,114
67,114
63,114
68,114
68,114
72,114
55,114
64,114
66,114
63,114
68,114
73,114
57,114
65,114
58,114
71,114
66,114
54,114
62,114
73,114
68,114
71,114
68,114
61,114
59,114
63,114
62,114
65,114
63,114
61,114
59,114
69,114
64,114
71,114
66,114
66,114
69,114
66,114
65,114
70,114
61,114
66,114
52,114
57,114
68,114
58,114
64,114
63,114
66,114
55,114
74,114
74,114
58,114
63,114
63,113
60,113
53,113
63,113
64,113
58,113
63,113
65,113
59,113
68,113
64,113
60,113
70,113
70,113
60,113
68,113
49,113
63,113
62,113
69,113
57,113
67,113
66,113
67,113
74,113
57,113
63,113
57,113
66,113
56,113
67,113
57,113
56,113
72,113
57,113
59,113
63,113
63,113
61,113
69,113
58,113
61,113
64,113
69,113
60,113
61,113
62,113
75,113
69,113
62,113
72,113
73,113
75,113
52,113
70,113
58,113
62,113
59,113
68,113
71,113
73,113
70,113
60,113
69,113
65,113
65,113
67,113
59,113
56,113
70,113
58,113
61,113
64,113
66,113
68,113
66,113
75,113
62,113
62,113
64,113
68,113
54,113
58,113
67,113
69,113
60,113
58,113
68,113
62,113
57,113
69,113
70,113
61,113
66,113
71,113
69,113
76,113
64,113
66,113
69,113
58,113
57,113
68,113
66,113
60,113
68,113
70,113
65,113
63,113
61,113
57,113
59,113
73,113
55,113
59,113
72,113
60,113
65,113
69,113
63,113
61,113
71,113
53,113
55,113
66,113
70,113
55,113
59,113
67,113
62,113
60,113
68,113
68,113
58,113
75,113
70,113
60,113
65,113
60,113
64,113
65,113
63,113
69,113
60,113
60,113
68,113
71,113
58,113
74,113
65,113
64,113
63,113
74,113
71,113
65,113
65,113
61,113
51,113
75,113
60,113
67,113
64,112
75,112
68,112
71,112
61,112
52,112
62,112
57,112
66,112
64,112
59,112
63,112
65,112
52,112
65,112
64,112
67,112
68,112
66,112
76,112
67,112
66,112
56,112
57,112
52,112
62,112
77,112
74,112
64,112
64,112
59,112
72,112
66,112
65,112
75,112
64,112
58,112
65,112
58,112
59,112
66,112
59,112
53,112
64,112
55,112
68,112
59,112
64,112
70,112
71,112
59,112
64,112
61,112
54,112
68,112
66,112
69,112
52,112
70,112
60,112
69,112
64,112
62,112
70,112
60,112
63,112
58,112
56,112
77,112
57,112
66,112
63,112
64,112
71,112
59,112
66,112
64,112
56,112
64,112
62,112
57,112
64,112
66,112
66,112
58,112
75,112
62,112
69,112
62,112
74,112
59,112
67,112
67,112
66,112
60,112
70,112
62,112
76,112
67,112
60,112
59,112
58,112
53,112
62,112
54,112
61,112
63,112
56,112
69,112
58,112
68,112
76,112
77,112
61,112
67,112
60,112
66,112
64,112
62,112
56,112
68,112
57,112
71,112
57,112
64,112
76,112
64,112
52,112
72,112
67,112
62,112
58,112
63,112
63,112
70,112
75,112
66,112
68,112
54,112
64,112
57,112
69,112
67,112
73,112
60,112
70,112
57,112
57,112
62,112
66,112
66,112
71,112
54,112
57,112
63,112
67,112
69,112
56,112
63,112
58,112
71,112
57,112
47,112
71,112
59,112
59,111
56,111
57,111
59,111
59,111
68,111
74,111
68,111
57,111
61,111
68,111
62,111
58,111
55,111
68,111
62,111
64,111
59,111
62,111
66,111
59,111
62,111
59,111
67,111
57,111
48,111
54,111
58,111
62,111
66,111
48,111
58,111
62,111
69,111
70,111
64,111
69,111
58,111
57,111
61,111
74,111
64,111
65,111
66,111
58,111
70,111
70,111
72,111
74,111
67,111
65,111
58,111
65,111
63,111
65,111
66,111
75,111
62,111
61,111
59,111
54,111
58,111
58,111
62,111
67,111
62,111
59,111
58,111
57,111
60,111
47,111
60,111
59,111
69,111
61,111
55,111
71,111
51,111
62,111
56,111
56,111
73,111
64,111
76,111
67,111
66,111
62,111
63,111
56,111
79,111
63,111
68,111
70,111
53,111
65,111
67,111
53,111
64,111
70,111
54,111
57,111
67,111
61,111
56,111
64,111
70,111
63,111
48,111
65,111
66,111
59,111
59,111
60,111
65,111
68,111
58,111
73,111
57,111
63,111
65,111
58,111
81,111
56,111
57,111
62,111
64,111
72,111
50,111
74,111
62,111
68,111
59,111
61,111
59,111
67,111
64,111
74,111
63,111
56,111
59,111
60,111
67,111
62,111
62,111
69,111
64,111
66,110
66,110
69,110
76,110
47,110
71,110
62,110
67,110
59,110
72,110
58,110
55,110
68,110
63,110
72,110
60,110
51,110
66,110
73,110
60,110
72,110
64,110
58,110
67,110
59,110
63,110
60,110
71,110
59,110
72,110
64,110
59,110
65,110
65,110
71,110
66,110
52,110
70,110
70,110
63,110
62,110
70,110
60,110
67,110
63,110
61,110
57,110
60,110
66,110
60,110
57,110
64,110
63,110
61,110
71,110
61,110
66,110
65,110
67,110
68,110
61,110
67,110
64,110
67,110
68,110
60,110
65,110
61,110
61,110
55,110
59,110
63,110
57,110
55,110
67,110
57,110
62,110
59,110
62,110
60,110
70,110
54,110
63,110
62,110
70,110
73,110
59,110
52,110
60,110
63,110
68,110
52,110
73,110
61,110
69,110
67,110
55,110
58,110
70,110
61,110
73,110
56,110
68,110
55,110
57,110
54,110
61,110
72,110
78,110
67,110
72,110
61,110
71,110
64,110
56,110
66,110
58,110
66,110
65,110
65,110
70,110
64,110
68,110
61,110
72,110
50,110
61,110
57,110
64,110
77,110
64,110
74,110
71,110
57,110
55,110
58,110
60,110
61,110
54,110
60,110
55,110
56,110
66,110
68,110
76,110
63,110
58,110
67,110
70,110
67,110
63,110
68,110
59,110
61,110
63,110
62,110
72,110
66,110
60,110
59,110
69,110
65,110
63,110
56,110
54,110
65,109
58,109
63,109
67,109
71,109
70,109
73,109
69,109
65,109
60,109
57,109
67,109
60,109
70,109
68,109
56,109
70,109
57,109
66,109
54,109
58,109
67,109
58,109
69,109
66,109
66,109
56,109
69,109
59,109
64,109
63,109
54,109
71,109
57,109
66,109
67,109
53,109
48,109
63,109
51,109
58,109
60,109
58,109
59,109
59,109
66,109
68,109
58,109
66,109
70,109
64,109
57,109
60,109
58,109
63,109
62,109
63,109
70,109
70,109
62,109
60,109
63,109
73,109
54,109
71,109
54,109
58,109
65,109
60,109
64,109
65,109
58,109
63,109
67,109
63,109
67,109
67,109
69,109
64,109
72,109
67,109
67,109
59,109
67,109
66,109
68,109
80,109
68,109
56,109
68,109
63,109
59,109
54,109
67,109
52,109
65,109
65,109
73,109
60,109
63,109
59,109
67,109
54,109
58,109
61,109
57,109
58,109
57,109
51,109
67,109
60,109
65,109
61,109
68,109
62,109
62,109
60,109
68,109
62,109
55,109
58,109
60,109
70,109
67,109
63,109
61,109
58,109
64,109
73,109
64,109
69,109
65,109
61,109
70,109
54,109
63,109
62,109
68,109
62,109
67,109
52,109
62,109
64,109
60,109
61,109
65,109
66,109
65,109
69,109
68,109
60,109
77,109
65,109
47,109
65,109
63,109
57,109
59,109
61,109
60,109
64,109
70,109
68,109
66,109
65,109
72,109
62,109
58,109
60,109
59,109
77,109
57,108
57,108
67,108
61,108
70,108
57,108
70,108
51,108
69,108
53,108
59,108
65,108
70,108
62,108
65,108
53,108
69,108
71,108
53,108
63,108
67,108
68,108
61,108
65,108
62,108
62,108
77,108
55,108
65,108
61,108
66,108
56,108
64,108
65,108
64,108
53,108
50,108
62,108
54,108
53,108
55,108
55,108
65,108
62,108
50,108
58,108
70,108
69,108
55,108
65,108
59,108
61,108
61,108
68,108
53,108
61,108
47,108
54,108
61,108
66,108
63,108
74,108
62,108
65,108
63,108
63,108
54,108
58,108
65,108
66,108
59,108
59,108
71,108
66,108
58,108
63,108
71,108
72,108
57,108
57,108
66,108
65,108
69,108
59,108
64,108
61,108
67,108
57,108
67,108
53,108
63,108
61,108
71,108
58,108
71,108
67,108
70,108
58,108
71,108
60,108
74,108
57,108
70,108
81,108
54,108
54,108
63,108
52,108
71,108
64,108
71,108
59,108
66,108
68,108
78,108
57,108
63,108
62,108
49,108
60,108
62,108
69,108
59,108
66,108
61,108
58,108
65,108
65,108
74,108
62,108
64,108
57,108
61,108
68,108
67,108
65,108
52,108
70,108
57,108
65,108
49,108
47,108
68,108
64,108
61,108
58,108
62,108
59,108
57,108
52,108
76,108
77,108
61,108
64,108
60,108
73,108
59,108
65,108
60,108
67,108
71,108
58,108
65,108
71,108
53,108
58,108
57,108
69,108
59,108
56,107
61,107
63,107
68,107
67,107
67,107
70,107
63,107
60,107
55,107
73,107
61,107
71,107
68,107
61,107
64,107
63,107
74,107
56,107
75,107
62,107
64,107
57,107
48,107
64,107
69,107
64,107
66,107
63,107
69,107
64,107
59,107
67,107
52,107
64,107
53,107
72,107
57,107
59,107
66,107
56,107
66,107
59,107
54,107
68,107
65,107
58,107
62,107
64,107
56,107
72,107
66,107
69,107
66,107
49,107
67,107
66,107
69,107
56,107
61,107
60,107
65,107
52,107
59,107
58,107
66,107
73,107
61,107
59,107
64,107
61,107
73,107
64,107
60,107
61,107
66,107
64,107
57,107
58,107
56,107
67,107
54,107
62,107
75,107
60,107
59,107
58,107
62,107
63,107
68,107
53,107
73,107
65,107
62,107
66,107
57,107
68,107
58,107
62,107
60,107
69,107
60,107
63,107
52,107
57,107
62,107
56,107
58,107
54,107
71,107
63,107
66,107
63,107
64,107
73,107
62,107
65,107
67,107
57,107
68,107
71,107
57,107
62,107
62,107
63,107
68,107
72,107
60,107
66,107
64,107
62,107
64,107
61,107
71,107
55,107
62,107
65,107
71,107
46,107
65,107
65,107
71,107
60,107
57,107
65,107
64,107
61,107
62,107
62,107
63,107
58,107
70,107
62,107
64,107
70,107
66,107
53,107
64,107
65,107
58,107
69,107
66,107
67,107
65,107
64,107
67,106
71,106
52,106
64,106
64,106
63,106
68,106
70,106
64,106
53,106
56,106
65,106
51,106
60,106
63,106
54,106
61,106
73,106
59,106
59,106
61,106
67,106
56,106
57,106
63,106
61,106
66,106
46,106
68,106
59,106
59,106
63,106
51,106
51,106
72,106
60,106
61,106
52,106
64,106
62,106
54,106
54,106
64,106
66,106
66,106
61,106
67,106
74,106
67,106
71,106
66,106
75,106
67,106
68,106
74,106
51,106
59,106
55,106
71,106
61,106
64,106
62,106
53,106
63,106
67,106
59,106
57,106
59,106
62,106
63,106
50,106
62,106
69,106
60,106
66,106
63,106
59,106
62,106
63,106
61,106
58,106
57,106
65,106
71,106
68,106
59,106
67,106
63,106
61,106
65,106
60,106
67,106
68,106
53,106
64,106
57,106
54,106
56,106
57,106
65,106
63,106
59,106
67,106
60,106
65,106
67,106
66,106
71,106
54,106
59,106
57,106
61,106
58,106
58,106
73,106
67,106
61,106
61,106
59,106
66,106
63,106
64,106
55,106
67,106
66,106
60,106
67,106
63,106
70,106
68,106
67,106
50,106
75,106
68,106
73,106
56,106
64,106
64,106
61,106
76,106
70,106
71,106
66,106
64,106
66,106
58,106
61,106
61,106
60,106
64,106
58,106
60,106
68,106
58,106
60,106
68,106
59,106
54,105
62,105
62,105
66,105
62,105
64,105
63,105
74,105
61,105
66,105
60,105
63,105
61,105
68,105
71,105
61,105
71,105
68,105
64,105
69,105
58,105
55,105
66,105
77,105
50,105
56,105
58,105
64,105
65,105
67,105
58,105
60,105
64,105
59,105
61,105
56,105
66,105
61,105
66,105
61,105
69,105
67,105
58,105
61,105
65,105
65,105
73,105
63,105
57,105
64,105
58,105
72,105
56,105
59,105
68,105
50,105
63,105
60,105
69,105
57,105
66,105
64,105
62,105
57,105
71,105
57,105
55,105
55,105
63,105
67,105
55,105
63,105
65,105
64,105
53,105
54,105
68,105
60,105
62,105
69,105
69,105
56,105
56,105
56,105
64,105
71,105
67,105
61,105
62,105
67,105
76,105
57,105
57,105
54,105
56,105
80,105
55,105
62,105
56,105
63,105
62,105
65,105
68,105
59,105
65,105
60,105
57,105
64,105
67,105
65,105
61,105
66,105
60,105
63,105
66,105
66,105
73,105
71,105
53,105
61,105
62,105
73,105
63,105
65,105
57,105
60,105
62,105
59,105
60,105
49,105
52,105
50,105
67,105
61,105
52,105
58,105
67,105
61,105
62,105
62,105
67,105
60,105
57,104
78,104
59,104
66,104
71,104
57,104
54,104
62,104
53,104
68,104
66,104
68,104
64,104
64,104
63,104
59,104
60,104
57,104
47,104
55,104
58,104
54,104
67,104
48,104
64,104
61,104
58,104
58,104
63,104
64,104
64,104
63,104
57,104
50,104
65,104
72,104
65,104
63,104
52,104
68,104
64,104
49,104
76,104
64,104
42,104
67,104
52,104
67,104
50,104
64,104
58,104
55,104
61,104
62,104
66,104
64,104
70,104
66,104
60,104
51,104
58,104
69,104
73,104
62,104
64,104
70,104
64,104
53,104
63,104
64,104
66,104
50,104
57,104
64,104
53,104
65,104
56,104
65,104
63,104
53,104
49,104
57,104
61,104
56,104
67,104
56,104
65,104
63,104
61,104
54,104
58,104
65,104
58,104
66,104
62,104
53,104
59,104
57,104
58,104
60,104
68,104
63,104
65,104
65,104
58,104
58,104
66,104
70,104
56,104
62,104
55,104
60,104
64,104
67,104
68,104
60,104
59,104
68,104
65,104
64,104
76,104
54,104
54,104
61,104
62,104
62,104
55,104
59,104
56,104
50,104
67,104
67,104
69,104
55,104
60,104
70,104
63,104
68,104
59,104
63,104
63,104
75,104
54,104
65,104
70,104
67,104
59,104
53,104
59,104
58,104
55,104
50,104
63,104
57,104
54,104
56,104
56,104
67,104
51,104
70,104
54,104
55,104
61,104
67,104
70,104
70,104
64,104
57,104
61,104
73,104
60,104
63,104
69,104
72,104
62,104
57,104
64,104
77,104
54,104
54,104
58,103
66,103
67,103
56,103
57,103
56,103
64,103
58,103
58,103
63,103
51,103
57,103
67,103
57,103
64,103
57,103
61,103
58,103
62,103
49,103
60,103
62,103
65,103
73,103
65,103
53,103
63,103
58,103
47,103
59,103
67,103
52,103
55,103
55,103
49,103
59,103
58,103
63,103
61,103
47,103
58,103
50,103
63,103
68,103
59,103
60,103
58,103
57,103
62,103
74,103
63,103
66,103
57,103
61,103
66,103
61,103
52,103
57,103
62,103
65,103
67,103
57,103
64,103
71,103
65,103
65,103
70,103
58,103
60,103
66,103
65,103
66,103
64,103
67,103
65,103
61,103
63,103
57,103
49,103
67,103
67,103
61,103
64,103
66,103
66,103
66,103
61,103
68,103
55,103
58,103
59,103
59,103
60,103
70,103
58,103
60,103
61,103
52,103
63,103
65,103
65,103
52,103
58,103
60,103
45,103
52,103
57,103
56,103
51,103
54,103
53,103
60,103
73,103
58,103
60,103
53,103
62,103
60,103
58,103
65,103
48,103
53,103
68,103
66,103
64,103
59,103
64,103
64,103
72,103
67,103
55,103
62,103
62,103
60,103
67,103
57,103
55,103
66,103
73,103
60,103
65,103
59,103
63,103
61,103
65,103
63,103
62,103
59,103
70,103
69,103
67,103
66,103
70,103
65,103
67,103
67,103
56,103
68,103
65,103
55,103
67,103
60,103
57,103
49,103
69,103
68,103
53,103
64,103
68,103
62,103
73,103
51,102
56,102
64,102
46,102
59,102
54,102
68,102
69,102
63,102
57,102
64,102
51,102
56,102
67,102
54,102
60,102
63,102
62,102
53,102
62,102
62,102
61,102
62,102
58,102
63,102
62,102
53,102
71,102
63,102
49,102
56,102
65,102
48,102
65,102
62,102
52,102
71,102
60,102
56,102
68,102
64,102
71,102
55,102
53,102
60,102
55,102
51,102
63,102
53,102
63,102
54,102
61,102
61,102
50,102
65,102
65,102
48,102
65,102
57,102
71,102
54,102
60,102
67,102
59,102
59,102
65,102
49,102
51,102
60,102
67,102
56,102
66,102
52,102
73,102
72,102
58,102
64,102
61,102
53,102
55,102
66,102
70,102
53,102
61,102
53,102
62,102
50,102
64,102
65,102
58,102
57,102
59,102
60,102
68,102
66,102
53,102
52,102
63,102
54,102
63,102
60,102
70,102
63,102
57,102
64,102
55,102
62,102
59,102
63,102
59,102
57,102
61,102
52,102
58,102
52,102
65,102
72,102
68,102
51,102
68,102
64,102
56,102
67,102
69,102
52,102
66,102
58,102
67,102
67,102
60,102
61,102
55,102
63,102
60,102
55,102
64,102
61,102
56,102
70,102
62,102
67,102
52,102
56,102
53,102
63,102
63,102
56,102
50,102
59,102
59,102
66,102
58,102
55,102
61,102
63,102
56,102
54,102
61,102
57,102
56,102
58,102
59,102
63,102
54,102
49,102
61,102
52,102
54,102
65,102
62,102
56,102
65,102
56,102
63,102
71,102
56,102
67,102
60,102
68,102
63,102
57,102
59,102
60,102
55,102
63,102
65,102
55,102
59,102
56,102
65,102
66,102
62,102
62,102
59,102
57,102
64,102
65,102
61,102
56,102
56,102
58,102
64,102
63,102
66,102
55,102
54,102
59,101
74,101
56,101
58,101
57,101
63,101
55,101
60,101
62,101
65,101
63,101
56,101
52,101
58,101
64,101
60,101
64,101
61,101
69,101
61,101
58,101
70,101
55,101
58,101
55,101
61,101
53,101
65,101
56,101
65,101
65,101
61,101
68,101
52,101
56,101
56,101
59,101
64,101
64,101
65,101
61,101
59,101
62,101
58,101
62,101
59,101
74,101
60,101
62,101
60,101
68,101
61,101
50,101
57,101
63,101
51,101
58,101
60,101
49,101
69,101
56,101
69,101
61,101
64,101
65,101
66,101
62,101
62,101
67,101
59,101
73,101
65,101
57,101
63,101
68,101
56,101
70,101
65,101
68,101
62,101
63,101
54,101
49,101
53,101
61,101
61,101
53,101
64,101
54,101
67,101
56,101
59,101
70,101
67,101
60,101
56,101
62,101
67,101
46,101
54,101
69,101
64,101
59,101
57,101
64,101
69,101
60,101
60,101
58,101
61,101
63,101
65,101
53,101
60,101
63,101
63,101
73,101
57,101
58,101
62,101
62,101
64,101
62,101
60,101
61,101
66,101
59,101
58,101
64,101
60,101
67,101
55,101
61,101
62,101
56,101
58,101
74,101
58,101
62,101
60,101
53,101
60,101
53,101
55,101
58,101
62,101
51,101
73,101
66,101
54,101
61,101
55,101
63,101
60,101
62,101
53,101
54,101
64,101
50,101
71,101
62,101
57,101
57,101
60,101
59,101
58,101
73,101
70,101
54,101
55,101
55,101
52,101
57,101
53,101
55,101
75,100
73,100
62,100
65,100
62,100
70,100
59,100
52,100
51,100
54,100
68,100
58,100
54,100
64,100
52,100
66,100
52,100
55,100
60,100
51,100
62,100
66,100
61,100
52,100
55,100
62,100
59,100
71,100
70,100
59,100
67,100
55,100
56,100
63,100
58,100
61,100
56,100
64,100
61,100
70,100
62,100
57,100
64,100
52,100
65,100
64,100
47,100
54,100
65,100
69,100
58,100
63,100
62,100
54,100
64,100
61,100
53,100
57,100
64,100
55,100
56,100
55,100
57,100
61,100
54,100
80,100
69,100
59,100
52,100
57,100
69,100
65,100
60,100
54,100
50,100
52,100
52,100
64,100
61,100
61,100
58,100
52,100
53,100
67,100
60,100
70,100
63,100
61,100
81,100
73,100
62,100
64,100
51,100
60,100
59,100
62,100
65,100
51,100
51,100
61,100
65,100
55,100
61,100
65,100
62,100
63,100
62,100
64,100
67,100
55,100
58,100
64,100
67,100
59,100
63,100
53,100
61,100
56,100
67,100
68,100
52,100
63,100
65,100
59,100
60,100
57,100
51,100
57,100
61,100
65,100
68,100
48,100
58,100
59,100
56,100
67,100
61,100
68,100
60,100
54,100
68,100
47,100
68,100
53,100
64,100
59,100
63,100
54,100
61,100
61,100
60,100
52,100
76,100
57,100
61,100
50,100
57,100
66,100
57,100
53,100
64,100
65,100
57,100
62,100
61,100
54,100
45,100
61,100
50,100
69,100
60,100
56,100
69,100
59,100
57,100
57,100
65,100
63,100
59,100
57,100
74,100
50,100
53,100
63,100
61,100
56,100
46,100
58,99
55,99
60,99
58,99
49,99
55,99
67,99
61,99
51,99
55,99
58,99
66,99
69,99
59,99
60,99
54,99
63,99
57,99
55,99
65,99
56,99
56,99
57,99
58,99
59,99
64,99
66,99
65,99
57,99
54,99
60,99
52,99
59,99
57,99
61,99
70,99
53,99
68,99
61,99
65,99
52,99
61,99
54,99
55,99
62,99
54,99
66,99
62,99
53,99
59,99
64,99
59,99
61,99
59,99
65,99
48,99
51,99
52,99
66,99
60,99
53,99
63,99
58,99
55,99
62,99
56,99
51,99
73,99
63,99
59,99
73,99
54,99
61,99
58,99
59,99
59,99
57,99
62,99
56,99
61,99
50,99
69,99
71,99
53,99
55,99
74,99
59,99
69,99
60,99
46,99
57,99
57,99
57,99
50,99
74,99
68,99
67,99
65,99
61,99
52,99
64,99
56,99
43,99
66,99
53,99
58,99
57,99
65,99
66,99
52,99
56,99
56,99
51,99
67,99
71,99
63,99
62,99
67,99
67,99
64,99
57,99
55,99
71,99
56,99
66,99
61,99
51,99
50,99
56,99
65,99
62,99
54,99
59,99
56,99
58,99
57,99
63,99
62,99
47,99
57,99
68,99
57,99
52,99
54,99
58,99
51,99
61,99
59,99
65,99
46,99
58,99
68,99
52,99
59,99
50,99
58,99
58,99
57,99
57,99
52,99
56,99
60,99
54,99
59,99
59,99
60,99
59,99
54,99
58,99
66,99
57,99
67,99
61,99
47,99
62,99
58,99
60,99
59,99
55,99
56,98
69,98
52,98
57,98
58,98
48,98
68,98
62,98
54,98
55,98
70,98
62,98
67,98
56,98
63,98
49,98
66,98
55,98
46,98
51,98
61,98
49,98
63,98
63,98
66,98
52,98
58,98
63,98
59,98
60,98
63,98
67,98
59,98
62,98
56,98
54,98
54,98
62,98
62,98
68,98
62,98
56,98
56,98
48,98
58,98
64,98
65,98
64,98
51,98
55,98
63,98
58,98
51,98
65,98
49,98
59,98
56,98
67,98
65,98
51,98
54,98
62,98
58,98
52,98
56,98
61,98
62,98
66,98
59,98
54,98
52,98
69,98
61,98
54,98
56,98
58,98
60,98
61,98
74,98
67,98
60,98
68,98
57,98
57,98
55,98
55,98
59,98
61,98
50,98
64,98
50,98
65,98
54,98
61,98
53,98
48,98
69,98
58,98
51,98
48,98
58,98
51,98
66,98
63,98
56,98
57,98
48,98
70,98
69,98
60,98
67,98
65,98
54,98
69,98
63,98
62,98
54,98
56,98
62,98
58,98
62,98
53,98
60,98
61,98
69,98
60,98
54,98
58,98
62,98
60,98
59,98
66,98
66,98
57,98
58,98
54,98
64,98
64,98
60,98
62,98
57,98
55,98
60,98
54,98
61,98
54,98
59,98
50,98
55,98
51,98
51,98
57,98
68,98
58,98
63,98
59,98
54,98
61,98
56,98
55,98
57,98
50,98
59,98
62,98
66,98
58,98
50,98
49,98
59,98
57,98
57,98
51,98
68,98
72,98
59,98
74,98
58,98
63,98
58,98
70,98
55,98
57,98
61,98
52,98
64,98
60,98
48,98
63,98
70,98
64,98
65,98
58,98
64,98
70,98
64,98
52,98
55,98
56,98
68,98
62,98
57,98
70,97
56,97
62,97
65,97
59,97
62,97
62,97
56,97
70,97
70,97
55,97
65,97
58,97
57,97
53,97
47,97
62,97
51,97
55,97
51,97
58,97
52,97
53,97
63,97
60,97
60,97
54,97
51,97
66,97
56,97
64,97
68,97
61,97
69,97
49,97
68,97
52,97
44,97
57,97
64,97
53,97
51,97
54,97
59,97
67,97
63,97
64,97
50,97
50,97
51,97
70,97
63,97
61,97
61,97
54,97
63,97
65,97
60,97
76,97
55,97
72,97
55,97
54,97
66,97
66,97
53,97
52,97
65,97
66,97
58,97
64,97
60,97
60,97
51,97
54,97
53,97
59,97
60,97
60,97
51,97
62,97
67,97
53,97
71,97
55,97
60,97
43,97
62,97
66,97
51,97
63,97
48,97
64,97
50,97
61,97
71,97
67,97
57,97
74,97
42,97
56,97
47,97
48,97
59,97
60,97
55,97
53,97
52,97
52,97
60,97
52,97
66,97
69,97
48,97
72,97
55,97
66,97
60,97
57,97
57,97
49,97
58,97
56,97
63,97
66,97
56,97
59,97
51,97
60,97
55,97
50,97
57,97
59,97
57,97
70,97
65,97
66,97
58,97
44,97
78,97
45,97
56,97
45,97
66,97
62,97
53,97
67,97
54,97
67,97
62,97
66,97
65,97
51,97
63,97
67,97
69,97
50,97
59,97
54,97
54,97
60,97
69,97
65,97
61,97
50,97
75,97
61,97
53,97
49,97
58,97
57,97
55,97
61,97
67,97
61,97
62,97
47,97
69,97
62,97
55,97
55,97
55,97
66,97
48,97
54,97
63,97
67,97
65,97
47,97
63,97
62,97
55,97
53,97
59,97
58,97
60,97
54,96
51,96
57,96
61,96
51,96
59,96
62,96
59,96
69,96
55,96
61,96
63,96
55,96
57,96
60,96
62,96
61,96
61,96
70,96
53,96
54,96
67,96
53,96
57,96
60,96
62,96
66,96
56,96
66,96
59,96
68,96
51,96
54,96
59,96
58,96
70,96
66,96
54,96
60,96
63,96
50,96
56,96
55,96
68,96
54,96
58,96
53,96
58,96
57,96
64,96
50,96
55,96
50,96
57,96
60,96
58,96
51,96
53,96
60,96
66,96
63,96
65,96
63,96
58,96
62,96
61,96
53,96
61,96
66,96
62,96
66,96
49,96
58,96
71,96
59,96
69,96
58,96
71,96
57,96
67,96
57,96
61,96
63,96
61,96
53,96
61,96
59,96
68,96
62,96
55,96
62,96
62,96
57,96
42,96
66,96
60,96
61,96
54,96
57,96
61,96
52,96
58,96
58,96
53,96
50,96
61,96
65,96
72,96
70,96
71,96
72,96
62,96
60,96
56,96
68,96
60,96
48,96
62,96
66,96
59,96
57,96
60,96
57,96
60,96
65,96
45,96
70,96
51,96
62,96
68,96
62,96
54,96
63,96
65,96
61,96
61,96
48,96
48,96
64,96
58,96
58,96
47,96
70,96
67,96
58,96
63,96
59,96
69,96
60,96
48,96
62,96
55,96
55,96
61,96
55,96
50,96
62,96
53,96
55,96
57,96
60,96
64,96
64,96
54,96
65,96
60,96
56,96
60,96
57,96
67,96
63,96
60,96
50,96
56,96
61,96
48,96
72,96
46,96
61,96
65,96
55,96
62,96
49,96
57,96
68,96
59,95
63,95
53,95
68,95
60,95
56,95
68,95
66,95
56,95
73,95
59,95
60,95
50,95
59,95
50,95
69,95
45,95
56,95
49,95
63,95
52,95
53,95
56,95
56,95
65,95
59,95
59,95
52,95
40,95
63,95
50,95
58,95
61,95
45,95
52,95
56,95
58,95
63,95
64,95
53,95
52,95
61,95
68,95
66,95
55,95
62,95
58,95
60,95
60,95
66,95
66,95
57,95
68,95
54,95
68,95
51,95
48,95
67,95
61,95
64,95
60,95
46,95
60,95
43,95
58,95
59,95
71,95
56,95
65,95
57,95
57,95
55,95
58,95
64,95
55,95
58,95
62,95
64,95
62,95
60,95
57,95
57,95
52,95
58,95
59,95
64,95
54,95
58,95
55,95
58,95
53,95
51,95
64,95
53,95
54,95
62,95
57,95
52,95
60,95
44,95
61,95
58,95
49,95
67,95
60,95
57,95
56,95
61,95
60,95
58,95
49,95
64,95
63,95
57,95
63,95
65,95
62,95
55,95
48,95
61,95
49,95
43,95
62,95
61,95
51,95
57,95
63,95
63,95
49,95
56,95
40,95
61,95
61,95
66,95
63,95
63,95
57,95
69,95
49,95
56,95
47,95
66,95
63,95
49,95
60,95
55,95
55,95
40,95
61,95
61,95
62,95
62,95
58,95
56,95
70,95
57,95
63,95
63,95
55,95
54,95
59,95
69,95
58,95
63,95
56,95
62,95
55,95
68,95
61,95
57,95
58,95
56,95
61,95
62,95
53,95
50,95
63,95
60,95
56,95
62,95
61,95
54,95
56,94
54,94
59,94
51,94
63,94
63,94
61,94
55,94
65,94
55,94
52,94
47,94
57,94
53,94
58,94
56,94
57,94
62,94
57,94
58,94
59,94
61,94
60,94
61,94
54,94
70,94
62,94
59,94
66,94
58,94
57,94
65,94
55,94
64,94
65,94
54,94
56,94
56,94
54,94
54,94
63,94
64,94
55,94
56,94
58,94
54,94
60,94
55,94
62,94
68,94
60,94
52,94
64,94
45,94
49,94
68,94
57,94
60,94
52,94
61,94
56,94
54,94
68,94
64,94
48,94
67,94
45,94
53,94
49,94
63,94
55,94
63,94
62,94
61,94
57,94
65,94
51,94
56,94
57,94
55,94
67,94
59,94
51,94
60,94
62,94
56,94
65,94
59,94
69,94
53,94
65,94
45,94
54,94
55,94
53,94
57,94
57,94
54,94
54,94
60,94
57,94
58,94
65,94
64,94
56,94
54,94
63,94
54,94
62,94
60,94
50,94
54,94
62,94
60,94
57,94
50,94
61,94
57,94
58,94
62,94
56,94
58,94
54,94
56,94
70,94
53,94
63,94
51,94
61,94
62,94
58,94
62,94
53,94
53,94
63,94
59,94
58,94
57,94
51,94
58,94
57,94
63,94
54,94
52,94
53,94
58,94
55,94
59,94
67,94
63,94
56,94
55,94
56,94
68,94
61,94
51,94
58,94
61,94
64,94
67,94
61,94
58,94
56,94
62,94
64,94
59,94
65,94
64,94
62,94
54,94
66,94
62,94
59,94
62,94
71,94
57,94
56,94
57,94
56,94
55,94
67,94
56,94
57,94
61,94
56,94
52,94
49,94
41,94
47,94
62,94
48,94
63,94
57,94
62,93
52,93
55,93
52,93
53,93
47,93
61,93
54,93
45,93
56,93
60,93
54,93
59,93
66,93
64,93
67,93
57,93
59,93
51,93
63,93
54,93
60,93
55,93
52,93
61,93
60,93
61,93
61,93
47,93
47,93
60,93
70,93
53,93
60,93
62,93
53,93
58,93
57,93
61,93
57,93
41,93
60,93
47,93
58,93
56,93
66,93
70,93
53,93
47,93
60,93
57,93
58,93
63,93
60,93
68,93
52,93
51,93
67,93
61,93
66,93
65,93
47,93
51,93
62,93
53,93
61,93
54,93
64,93
65,93
73,93
55,93
52,93
54,93
51,93
65,93
53,93
58,93
56,93
61,93
70,93
58,93
53,93
53,93
60,93
61,93
63,93
59,93
53,93
60,93
52,93
62,93
52,93
49,93
59,93
51,93
55,93
60,93
54,93
58,93
56,93
59,93
60,93
53,93
61,93
56,93
62,93
59,93
61,93
63,93
65,93
51,93
52,93
63,93
51,93
51,93
57,93
59,93
46,93
53,93
50,93
54,93
58,93
51,93
53,93
61,93
54,93
54,93
64,93
64,93
51,93
61,93
58,93
47,93
53,93
57,93
59,93
63,93
58,93
70,93
46,93
56,93
56,93
56,93
69,93
52,93
65,93
61,93
55,93
56,93
57,93
62,93
54,93
64,93
60,93
40,93
53,93
56,93
60,93
60,93
62,93
51,93
63,93
64,93
49,93
47,93
65,93
47,93
56,93
58,93
56,93
46,93
50,93
60,93
54,93
51,92
54,92
53,92
62,92
65,92
51,92
55,92
57,92
70,92
56,92
56,92
60,92
52,92
66,92
48,92
60,92
55,92
57,92
61,92
49,92
66,92
56,92
58,92
59,92
62,92
61,92
58,92
61,92
60,92
61,92
54,92
61,92
50,92
52,92
67,92
58,92
59,92
63,92
47,92
57,92
60,92
71,92
47,92
72,92
55,92
64,92
63,92
52,92
55,92
72,92
47,92
55,92
47,92
43,92
70,92
58,92
58,92
58,92
68,92
52,92
55,92
58,92
59,92
57,92
57,92
65,92
59,92
64,92
55,92
63,92
56,92
59,92
65,92
54,92
56,92
62,92
59,92
61,92
65,92
59,92
60,92
54,92
70,92
60,92
50,92
60,92
60,92
60,92
47,92
50,92
55,92
68,92
49,92
54,92
60,92
65,92
64,92
66,92
57,92
58,92
50,92
50,92
56,92
55,92
59,92
53,92
58,92
62,92
53,92
59,92
62,92
52,92
64,92
63,92
61,92
57,92
65,92
66,92
66,92
64,92
48,92
63,92
57,92
62,92
58,92
54,92
60,92
65,92
69,92
62,92
49,92
57,92
51,92
58,92
56,92
51,92
60,92
65,92
55,92
54,92
60,92
54,92
50,92
55,92
59,92
53,92
60,92
59,92
50,92
63,92
49,92
55,92
62,92
48,92
58,92
65,92
67,92
60,92
57,92
49,92
67,92
66,92
54,92
56,92
57,92
54,92
55,92
53,92
48,92
68,92
66,92
62,92
61,92
55,92
52,92
66,92
66,92
58,92
63,92
57,92
58,92
51,92
63,92
59,92
54,92
64,92
60,92
59,92
54,92
54,92
58,92
64,92
58,92
55,92
66,92
58,92
64,92
63,92
62,92
57,92
61,92
48,92
59,91
59,91
50,91
67,91
67,91
60,91
63,91
59,91
53,91
53,91
63,91
55,91
62,91
55,91
55,91
44,91
58,91
55,91
59,91
55,91
58,91
58,91
60,91
63,91
59,91
56,91
54,91
51,91
48,91
58,91
60,91
52,91
60,91
65,91
55,91
61,91
49,91
68,91
61,91
65,91
59,91
56,91
61,91
64,91
57,91
57,91
48,91
67,91
47,91
64,91
56,91
60,91
60,91
55,91
66,91
57,91
71,91
56,91
47,91
63,91
49,91
55,91
46,91
59,91
58,91
53,91
58,91
59,91
60,91
59,91
59,91
56,91
49,91
56,91
56,91
55,91
54,91
54,91
67,91
64,91
63,91
61,91
61,91
44,91
48,91
60,91
52,91
61,91
59,91
56,91
65,91
58,91
47,91
55,91
47,91
51,91
52,91
60,91
60,91
57,91
59,91
65,91
47,91
52,91
49,91
52,91
52,91
56,91
52,91
56,91
59,91
50,91
59,91
60,91
60,91
55,91
56,91
58,91
61,91
72,91
58,91
57,91
63,91
61,91
53,91
55,91
54,91
56,91
57,91
56,91
50,91
54,91
50,91
66,91
47,91
49,91
57,91
67,91
51,91
57,91
55,91
56,91
59,91
57,91
64,91
50,91
47,91
55,91
52,91
57,91
61,91
57,91
62,91
66,91
56,91
55,91
67,91
63,91
68,91
59,91
57,91
58,91
57,91
55,91
57,91
61,91
54,91
62,91
57,91
63,91
60,91
61,91
62,91
55,91
61,91
69,91
54,90
61,90
52,90
53,90
57,90
67,90
47,90
54,90
48,90
65,90
54,90
35,90
63,90
67,90
44,90
58,90
56,90
49,90
55,90
65,90
60,90
61,90
49,90
57,90
59,90
57,90
60,90
60,90
60,90
56,90
55,90
65,90
61,90
62,90
56,90
53,90
48,90
69,90
51,90
49,90
50,90
56,90
58,90
63,90
58,90
53,90
52,90
53,90
49,90
54,90
52,90
53,90
51,90
62,90
49,90
64,90
62,90
59,90
64,90
61,90
54,90
53,90
47,90
55,90
54,90
68,90
57,90
59,90
59,90
69,90
56,90
50,90
55,90
58,90
59,90
44,90
59,90
54,90
51,90
59,90
48,90
50,90
58,90
55,90
50,90
50,90
53,90
58,90
61,90
57,90
57,90
63,90
56,90
55,90
62,90
54,90
59,90
62,90
51,90
56,90
57,90
53,90
59,90
70,90
54,90
65,90
50,90
65,90
62,90
56,90
56,90
52,90
64,90
50,90
62,90
66,90
62,90
53,90
55,90
58,90
59,90
61,90
63,90
44,90
53,90
52,90
51,90
63,90
59,90
58,90
48,90
54,90
52,90
57,90
60,90
60,90
54,90
63,90
56,90
53,90
58,90
47,90
62,90
58,90
55,90
58,90
52,90
54,90
56,90
54,90
58,90
61,90
41,90
55,90
58,90
56,90
63,90
62,90
59,89
65,89
52,89
58,89
57,89
42,89
53,89
42,89
50,89
60,89
58,89
68,89
64,89
55,89
63,89
59,89
56,89
61,89
48,89
53,89
41,89
63,89
58,89
57,89
53,89
56,89
60,89
52,89
48,89
55,89
61,89
42,89
57,89
44,89
53,89
71,89
53,89
59,89
48,89
55,89
58,89
54,89
56,89
59,89
59,89
54,89
61,89
53,89
58,89
57,89
62,89
55,89
50,89
64,89
55,89
42,89
55,89
51,89
59,89
62,89
54,89
55,89
61,89
59,89
48,89
51,89
57,89
42,89
56,89
58,89
49,89
54,89
56,89
60,89
54,89
50,89
61,89
44,89
57,89
52,89
62,89
54,89
69,89
61,89
62,89
49,89
61,89
67,89
60,89
58,89
61,89
50,89
58,89
51,89
61,89
64,89
55,89
59,89
52,89
54,89
57,89
50,89
63,89
60,89
56,89
55,89
65,89
63,89
41,89
69,89
57,89
51,89
52,89
59,89
47,89
49,89
59,89
65,89
56,89
58,89
62,89
52,89
61,89
51,89
64,89
42,89
55,89
59,89
56,89
62,89
51,89
45,89
51,89
71,89
55,89
58,89
49,89
52,89
63,89
64,89
54,89
60,89
42,89
51,89
57,89
62,89
65,89
51,89
57,89
49,89
63,89
62,88
58,88
64,88
53,88
65,88
56,88
57,88
51,88
59,88
58,88
60,88
63,88
57,88
67,88
61,88
62,88
58,88
59,88
47,88
56,88
53,88
55,88
66,88
50,88
57,88
58,88
53,88
49,88
57,88
63,88
48,88
49,88
56,88
64,88
54,88
55,88
58,88
60,88
65,88
56,88
53,88
62,88
60,88
55,88
49,88
54,88
56,88
53,88
50,88
62,88
62,88
50,88
44,88
53,88
50,88
50,88
54,88
59,88
61,88
42,88
47,88
58,88
57,88
59,88
54,88
57,88
62,88
52,88
56,88
56,88
56,88
55,88
60,88
57,88
57,88
63,88
48,88
62,88
65,88
54,88
60,88
54,88
52,88
55,88
57,88
60,88
53,88
52,88
64,88
58,88
49,88
57,88
63,88
64,88
63,88
65,88
53,88
63,88
61,88
61,88
57,88
61,88
67,88
58,88
53,88
63,88
58,88
62,88
62,88
41,88
60,88
73,88
54,88
58,88
57,88
51,88
57,88
60,88
50,88
57,88
59,88
64,88
58,88
66,88
54,88
74,88
46,88
69,88
56,88
56,88
54,88
54,88
51,88
60,88
55,88
59,88
60,88
45,88
61,88
58,88
58,88
66,88
46,88
54,88
52,88
50,88
50,88
51,88
40,88
63,88
57,88
50,88
67,88
53,88
53,88
57,87
62,87
59,87
65,87
47,87
53,87
56,87
44,87
56,87
45,87
57,87
64,87
47,87
52,87
57,87
58,87
58,87
61,87
55,87
52,87
52,87
50,87
49,87
51,87
45,87
53,87
52,87
51,87
36,87
52,87
52,87
64,87
54,87
48,87
53,87
55,87
43,87
49,87
53,87
63,87
51,87
60,87
54,87
46,87
64,87
58,87
49,87
67,87
56,87
64,87
57,87
55,87
55,87
54,87
52,87
62,87
48,87
63,87
65,87
52,87
61,87
59,87
38,87
51,87
56,87
47,87
58,87
64,87
54,87
58,87
59,87
60,87
56,87
55,87
56,87
58,87
56,87
48,87
63,87
51,87
61,87
48,87
62,87
65,87
58,87
60,87
54,87
54,87
53,87
56,87
48,87
47,87
58,87
56,87
60,87
51,87
60,87
52,87
54,87
62,87
50,87
51,87
58,87
53,87
48,87
64,87
55,87
57,87
54,87
61,87
58,87
45,87
53,87
54,87
56,87
52,87
66,87
51,87
47,87
56,87
50,87
54,87
58,87
59,87
56,87
63,87
54,87
62,87
65,87
59,87
55,87
62,87
56,87
40,87
61,87
61,87
57,87
49,87
63,87
46,87
50,87
52,87
58,87
61,87
56,87
55,87
49,87
62,87
50,87
61,87
53,87
50,87
57,87
53,87
55,87
64,87
57,87
44,87
53,87
46,87
58,87
65,87
52,86
61,86
48,86
51,86
60,86
55,86
56,86
48,86
51,86
49,86
71,86
49,86
57,86
57,86
64,86
52,86
55,86
56,86
47,86
50,86
52,86
54,86
55,86
63,86
50,86
52,86
49,86
47,86
50,86
55,86
50,86
59,86
54,86
49,86
41,86
44,86
48,86
54,86
59,86
47,86
64,86
60,86
42,86
62,86
51,86
59,86
47,86
55,86
42,86
51,86
59,86
59,86
54,86
56,86
52,86
67,86
53,86
58,86
49,86
50,86
57,86
55,86
48,86
60,86
49,86
53,86
49,86
55,86
62,86
51,86
59,86
44,86
60,86
51,86
47,86
57,86
57,86
63,86
53,86
58,86
61,86
55,86
58,86
53,86
53,86
57,86
60,86
47,86
47,86
55,86
59,86
62,86
53,86
53,86
62,86
60,86
76,86
66,86
48,86
48,86
70,86
63,86
57,86
43,86
49,86
52,86
53,86
55,86
51,86
57,86
45,86
56,86
56,86
64,86
49,86
46,86
50,86
60,86
44,86
49,86
71,86
56,86
51,86
46,86
45,86
58,86
54,86
56,86
55,86
61,86
54,86
65,86
54,86
59,86
61,86
60,86
61,86
49,86
54,86
47,86
53,86
47,86
52,86
62,86
51,86
50,86
67,86
65,86
54,86
47,86
69,86
63,86
44,86
51,86
64,86
56,86
54,86
64,86
40,86
54,86
48,86
56,86
64,86
50,86
56,86
55,86
50,86
49,86
59,86
60,86
55,86
50,86
55,86
53,86
46,86
59,86
49,86
60,86
55,86
58,86
53,86
52,86
66,86
59,86
62,86
57,86
52,86
48,85
52,85
57,85
54,85
54,85
48,85
50,85
62,85
63,85
50,85
58,85
58,85
56,85
50,85
50,85
56,85
55,85
57,85
52,85
56,85
59,85
52,85
56,85
52,85
54,85
45,85
64,85
56,85
51,85
54,85
54,85
49,85
55,85
55,85
63,85
44,85
64,85
57,85
59,85
59,85
61,85
60,85
48,85
51,85
59,85
49,85
50,85
55,85
55,85
61,85
56,85
55,85
60,85
57,85
56,85
62,85
53,85
63,85
62,85
50,85
44,85
61,85
71,85
69,85
56,85
56,85
43,85
62,85
55,85
58,85
62,85
57,85
61,85
52,85
56,85
57,85
51,85
54,85
46,85
69,85
56,85
53,85
57,85
55,85
61,85
52,85
64,85
61,85
59,85
50,85
54,85
54,85
52,85
66,85
64,85
54,85
66,85
53,85
56,85
51,85
64,85
59,85
62,85
63,85
46,85
41,85
63,85
48,85
51,85
57,85
53,85
63,85
64,85
53,85
51,85
49,85
52,85
58,85
49,85
60,85
54,85
51,85
62,85
57,85
50,85
55,85
54,85
48,85
43,85
57,85
63,85
57,85
47,85
57,85
54,85
58,85
46,85
62,84
61,84
68,84
59,84
54,84
47,84
53,84
60,84
66,84
64,84
49,84
63,84
56,84
55,84
60,84
53,84
61,84
57,84
53,84
56,84
46,84
45,84
59,84
55,84
50,84
48,84
47,84
46,84
57,84
45,84
52,84
52,84
46,84
57,84
54,84
56,84
61,84
57,84
47,84
59,84
52,84
47,84
52,84
56,84
56,84
55,84
62,84
58,84
56,84
50,84
52,84
53,84
59,84
55,84
60,84
63,84
61,84
57,84
51,84
47,84
57,84
62,84
65,84
51,84
60,84
54,84
54,84
65,84
49,84
52,84
49,84
53,84
50,84
50,84
58,84
57,84
58,84
62,84
52,84
55,84
63,84
53,84
61,84
62,84
55,84
57,84
56,84
59,84
47,84
65,84
64,84
60,84
59,84
56,84
54,84
57,84
66,84
42,84
53,84
48,84
67,84
59,84
62,84
55,84
45,84
57,84
55,84
54,84
49,84
63,84
62,84
57,84
61,84
50,84
58,84
48,84
59,84
53,84
48,84
62,84
62,84
45,84
62,84
58,84
56,84
58,84
52,84
51,84
68,84
51,84
48,84
67,84
53,84
62,84
58,84
40,84
69,84
46,84
57,84
65,84
47,84
57,84
50,84
62,84
54,84
66,84
50,83
57,83
49,83
57,83
54,83
54,83
60,83
54,83
51,83
62,83
45,83
53,83
56,83
45,83
52,83
44,83
60,83
60,83
50,83
50,83
55,83
56,83
58,83
54,83
55,83
54,83
63,83
49,83
57,83
58,83
63,83
57,83
50,83
45,83
59,83
49,83
53,83
56,83
46,83
62,83
55,83
54,83
48,83
69,83
50,83
58,83
34,83
55,83
50,83
66,83
52,83
57,83
55,83
55,83
52,83
57,83
57,83
60,83
57,83
51,83
46,83
62,83
46,83
52,83
55,83
54,83
55,83
53,83
66,83
51,83
56,83
50,83
58,83
64,83
49,83
59,83
55,83
63,83
59,83
69,83
59,83
56,83
52,83
56,83
59,83
53,83
51,83
46,83
53,83
56,83
54,83
56,83
55,83
51,83
66,83
56,83
51,83
56,83
57,83
53,83
59,83
43,83
57,83
52,83
64,83
58,83
59,83
47,83
54,83
54,83
51,83
60,83
57,83
47,83
49,83
57,83
47,83
62,83
51,83
53,83
56,83
50,83
50,83
54,83
55,83
57,83
56,83
57,83
58,83
54,83
54,83
53,83
55,83
48,83
49,83
57,83
58,83
52,83
41,83
54,83
55,83
53,83
55,83
53,83
53,83
63,83
50,83
60,83
48,83
41,83
53,83
57,83
51,83
45,83
64,83
47,83
54,82
51,82
59,82
51,82
54,82
37,82
46,82
55,82
56,82
51,82
59,82
58,82
58,82
59,82
42,82
58,82
46,82
55,82
45,82
52,82
56,82
60,82
58,82
60,82
54,82
50,82
51,82
57,82
52,82
51,82
56,82
60,82
53,82
64,82
60,82
59,82
62,82
56,82
56,82
51,82
51,82
46,82
53,82
67,82
42,82
46,82
57,82
52,82
58,82
57,82
46,82
59,82
53,82
57,82
55,82
56,82
50,82
55,82
46,82
55,82
46,82
58,82
51,82
51,82
51,82
44,82
44,82
53,82
50,82
53,82
62,82
57,82
43,82
53,82
63,82
53,82
47,82
52,82
53,82
53,82
47,82
50,82
49,82
50,82
56,82
48,82
60,82
60,82
57,82
55,82
57,82
65,82
59,82
63,82
62,82
60,82
54,82
52,82
64,82
52,82
49,82
60,82
57,82
60,82
44,82
51,82
63,82
53,82
55,82
56,82
51,82
50,82
53,82
56,82
66,82
58,82
53,82
52,82
54,82
57,82
46,82
56,82
42,82
58,82
59,82
51,82
51,82
53,82
58,82
65,82
56,82
52,81
52,81
53,81
55,81
47,81
55,81
60,81
47,81
58,81
60,81
62,81
62,81
42,81
46,81
61,81
56,81
47,81
57,81
55,81
55,81
65,81
46,81
55,81
51,81
61,81
53,81
52,81
49,81
50,81
57,81
50,81
63,81
58,81
48,81
57,81
62,81
56,81
51,81
58,81
50,81
47,81
54,81
45,81
46,81
61,81
48,81
59,81
48,81
55,81
47,81
49,81
65,81
56,81
46,81
66,81
44,81
50,81
52,81
49,81
49,81
59,81
60,81
61,81
53,81
62,81
62,81
55,81
63,81
42,81
49,81
52,81
49,81
68,81
43,81
45,81
62,81
42,81
48,81
51,81
52,81
63,81
52,81
50,81
54,81
49,81
53,81
51,81
53,81
42,81
56,81
48,81
45,81
52,81
52,81
58,81
63,81
52,81
54,81
44,81
63,81
52,81
50,81
57,81
49,81
51,81
55,81
59,81
57,81
52,81
60,81
58,81
57,81
64,81
53,81
57,81
59,81
57,81
58,81
50,81
52,81
58,81
53,81
50,81
65,81
51,81
55,81
49,81
51,81
56,81
57,81
45,81
51,81
56,80
56,80
52,80
55,80
54,80
50,80
63,80
52,80
43,80
49,80
48,80
60,80
51,80
61,80
57,80
46,80
51,80
42,80
54,80
64,80
60,80
47,80
61,80
60,80
62,80
59,80
57,80
44,80
45,80
49,80
53,80
58,80
55,80
60,80
52,80
49,80
46,80
49,80
57,80
51,80
61,80
63,80
65,80
57,80
58,80
52,80
47,80
61,80
55,80
54,80
60,80
48,80
57,80
52,80
55,80
59,80
45,80
46,80
59,80
57,80
61,80
50,80
56,80
58,80
56,80
56,80
49,80
60,80
44,80
62,80
53,80
60,80
49,80
56,80
67,80
47,80
52,80
55,80
63,80
55,80
53,80
65,80
60,80
61,80
53,80
63,80
64,80
56,80
44,80
57,80
51,80
57,80
50,80
49,80
55,80
59,80
59,80
44,80
47,80
65,80
44,80
53,80
41,80
51,80
53,80
54,80
48,80
43,80
47,80
44,80
47,80
55,80
63,80
57,80
63,80
55,80
58,80
55,80
52,80
56,80
50,80
61,80
57,80
52,80
44,80
54,80
43,80
65,80
58,80
56,80
59,80
47,80
55,80
52,80
62,80
51,80
57,80
52,79
57,79
51,79
54,79
65,79
47,79
46,79
53,79
58,79
62,79
63,79
58,79
50,79
50,79
63,79
54,79
56,79
47,79
58,79
59,79
50,79
53,79
62,79
53,79
48,79
45,79
47,79
48,79
59,79
51,79
49,79
57,79
48,79
54,79
59,79
45,79
49,79
51,79
56,79
61,79
52,79
54,79
56,79
67,79
50,79
55,79
57,79
52,79
56,79
56,79
56,79
53,79
51,79
55,79
59,79
57,79
53,79
60,79
54,79
54,79
51,79
55,79
46,79
57,79
54,79
53,79
52,79
61,79
47,79
47,79
49,79
51,79
55,79
58,79
37,79
60,79
47,79
52,79
48,79
54,79
49,79
54,79
63,79
50,79
50,79
53,79
53,79
51,79
63,79
44,79
60,79
51,79
53,79
62,79
60,79
49,79
53,79
54,79
51,79
48,79
41,79
54,79
66,79
50,79
49,79
47,79
62,79
44,79
52,79
52,79
41,78
50,78
66,78
56,78
49,78
53,78
47,78
44,78
43,78
54,78
54,78
63,78
49,78
51,78
63,78
58,78
49,78
50,78
50,78
55,78
50,78
52,78
62,78
46,78
55,78
44,78
54,78
55,78
61,78
50,78
60,78
52,78
55,78
52,78
44,78
51,78
56,78
55,78
64,78
51,78
55,78
47,78
54,78
57,78
47,78
54,78
56,78
47,78
48,78
56,78
48,78
56,78
49,78
43,78
65,78
54,78
56,78
56,78
57,78
57,78
54,78
47,78
51,78
47,78
50,78
60,78
49,78
56,78
55,78
52,78
61,78
59,78
60,78
51,78
50,78
51,78
62,78
51,78
51,78
54,78
56,78
47,78
51,78
44,78
48,78
39,78
55,78
64,78
56,78
52,78
44,78
63,78
51,78
62,78
45,78
57,78
51,78
50,78
54,78
57,78
60,78
76,78
43,78
58,78
50,78
48,78
54,78
55,78
47,78
43,78
49,78
49,78
48,78
53,78
60,78
57,78
57,78
57,78
55,78
58,78
45,77
61,77
47,77
50,77
48,77
60,77
53,77
50,77
54,77
48,77
39,77
54,77
64,77
55,77
51,77
42,77
43,77
50,77
54,77
42,77
50,77
63,77
56,77
58,77
51,77
47,77
54,77
48,77
47,77
47,77
52,77
63,77
51,77
51,77
75,77
49,77
44,77
50,77
57,77
45,77
50,77
54,77
43,77
56,77
42,77
57,77
61,77
62,77
62,77
57,77
51,77
53,77
54,77
44,77
54,77
38,77
67,77
49,77
55,77
63,77
63,77
44,77
61,77
47,77
58,77
42,77
60,77
51,77
57,77
49,77
58,77
48,77
42,77
43,77
63,77
57,77
57,77
46,77
46,77
52,77
62,77
49,77
55,77
55,77
45,77
57,77
48,77
60,77
47,77
49,77
46,77
57,77
56,77
54,77
56,77
50,77
46,77
47,77
58,77
58,77
52,77
54,77
54,77
52,77
59,77
53,77
68,77
58,77
61,77
53,77
63,77
66,77
50,77
45,77
45,77
52,77
59,77
67,77
52,77
55,77
53,77
52,77
61,77
47,77
57,77
55,77
63,77
52,77
46,77
58,77
49,77
50,77
62,77
66,77
57,77
54,77
47,76
44,76
55,76
52,76
53,76
62,76
55,76
61,76
51,76
44,76
57,76
58,76
55,76
62,76
57,76
48,76
60,76
51,76
40,76
53,76
50,76
45,76
61,76
44,76
55,76
54,76
47,76
60,76
64,76
48,76
52,76
50,76
53,76
58,76
51,76
60,76
48,76
53,76
42,76
59,76
44,76
55,76
60,76
49,76
54,76
45,76
63,76
55,76
55,76
54,76
54,76
53,76
49,76
58,76
63,76
53,76
50,76
44,76
69,76
47,76
51,76
49,76
53,76
59,76
57,76
39,76
59,76
53,76
61,76
39,76
43,76
47,76
48,76
58,76
53,76
52,76
42,76
54,76
62,76
49,76
44,76
62,76
52,76
53,76
52,76
54,76
53,76
53,76
47,76
55,76
51,76
52,76
41,76
38,76
53,76
56,76
59,76
55,76
57,76
50,76
49,76
52,76
65,76
48,76
57,76
54,76
47,76
45,76
49,76
51,76
48,75
48,75
49,75
45,75
56,75
53,75
47,75
52,75
54,75
72,75
57,75
47,75
61,75
46,75
42,75
60,75
59,75
49,75
46,75
44,75
57,75
52,75
53,75
54,75
51,75
54,75
47,75
61,75
53,75
56,75
54,75
50,75
55,75
52,75
51,75
60,75
46,75
52,75
48,75
39,75
54,75
56,75
47,75
60,75
44,75
46,75
45,75
38,75
50,75
51,75
45,75
43,75
52,75
65,75
61,75
39,75
48,75
37,75
60,75
48,75
58,75
52,75
50,75
59,75
47,75
50,75
57,75
56,75
49,75
56,75
46,75
51,75
48,75
40,75
54,75
50,75
51,75
54,75
49,75
47,75
46,75
53,75
58,75
54,75
44,75
58,75
58,75
44,75
52,75
61,75
53,75
50,75
49,75
48,75
36,75
49,74
51,74
51,74
51,74
52,74
54,74
53,74
56,74
49,74
54,74
48,74
56,74
52,74
57,74
47,74
44,74
52,74
40,74
54,74
52,74
56,74
48,74
59,74
50,74
57,74
38,74
58,74
56,74
48,74
48,74
46,74
56,74
57,74
49,74
56,74
57,74
52,74
50,74
53,74
52,74
40,74
61,74
55,74
60,74
49,74
46,74
47,74
52,74
58,74
50,74
63,74
42,74
57,74
53,74
55,74
45,74
58,74
58,74
48,74
57,74
46,74
60,74
50,74
46,74
49,74
52,74
52,74
54,74
45,74
46,74
57,74
60,74
62,74
56,74
65,74
52,74
48,74
46,74
54,74
48,74
58,74
41,74
48,74
50,74
56,74
54,74
41,74
49,74
48,74
49,74
47,74
59,74
52,74
48,74
54,74
46,74
49,74
49,74
46,74
60,74
49,74
56,74
51,74
55,74
47,74
37,73
44,73
44,73
50,73
55,73
46,73
42,73
45,73
57,73
42,73
43,73
51,73
48,73
46,73
53,73
49,73
45,73
50,73
47,73
51,73
43,73
56,73
51,73
51,73
51,73
46,73
58,73
53,73
45,73
52,73
57,73
47,73
46,73
58,73
61,73
57,73
39,73
48,73
47,73
51,73
53,73
43,73
46,73
37,73
54,73
44,73
62,73
65,73
52,73
52,73
46,73
50,73
48,73
51,73
58,73
43,73
61,73
59,73
41,73
53,73
44,73
43,73
38,73
57,73
52,73
59,73
40,73
57,73
56,73
37,73
55,73
52,73
40,73
50,73
50,73
49,73
50,73
56,73
47,73
49,73
45,73
45,73
48,73
46,73
64,73
53,73
57,73
59,73
55,73
51,73
58,73
54,73
54,73
62,73
45,73
57,73
46,73
48,72
43,72
52,72
52,72
52,72
49,72
61,72
43,72
48,72
57,72
53,72
55,72
58,72
48,72
47,72
47,72
49,72
49,72
46,72
42,72
59,72
53,72
42,72
39,72
49,72
49,72
55,72
55,72
56,72
52,72
51,72
43,72
50,72
59,72
54,72
51,72
59,72
54,72
50,72
56,72
58,72
50,72
49,72
43,72
48,72
63,72
37,72
46,72
57,72
48,72
56,72
55,72
42,72
54,72
52,72
51,72
61,72
47,72
43,72
53,72
51,72
47,72
48,72
41,72
57,72
49,72
47,72
44,72
58,72
59,72
51,72
50,72
54,72
47,72
49,72
54,72
40,72
45,72
52,72
61,72
54,72
40,72
50,72
64,72
58,72
41,72
59,72
43,72
57,72
47,72
53,72
56,72
52,72
41,72
47,72
50,72
53,72
61,72
52,72
52,72
62,72
47,72
38,72
53,72
43,72
52,72
61,72
47,72
50,72
48,72
46,72
52,71
49,71
49,71
50,71
52,71
58,71
51,71
44,71
47,71
51,71
58,71
43,71
46,71
54,71
55,71
46,71
50,71
42,71
43,71
46,71
54,71
50,71
35,71
51,71
42,71
55,71
52,71
50,71
63,71
45,71
63,71
43,71
55,71
46,71
57,71
48,71
49,71
48,71
49,71
63,71
54,71
53,71
51,71
52,71
58,71
51,71
50,71
39,71
64,71
58,71
44,71
60,71
43,71
51,71
63,71
54,71
52,71
52,71
45,71
46,71
56,71
51,71
57,71
44,71
56,71
44,71
59,71
46,71
56,71
56,71
38,71
64,71
65,71
52,71
35,71
45,71
57,71
50,71
42,71
47,71
51,71
39,71
54,71
50,71
62,71
52,71
49,71
47,71
45,71
49,71
50,71
50,71
44,71
62,71
44,71
41,71
46,71
46,71
39,71
51,71
49,71
53,70
51,70
52,70
50,70
46,70
45,70
47,70
53,70
56,70
57,70
52,70
62,70
46,70
40,70
58,70
61,70
48,70
37,70
40,70
44,70
46,70
52,70
49,70
56,70
40,70
51,70
59,70
52,70
46,70
52,70
57,70
57,70
55,70
53,70
56,70
49,70
58,70
47,70
62,70
43,70
60,70
41,70
61,70
39,70
59,70
59,70
46,70
48,70
59,70
53,70
48,70
52,70
60,70
54,70
46,70
44,70
56,70
48,70
47,70
70,70
59,70
50,70
47,70
48,70
51,70
51,70
45,70
64,70
56,70
53,70
53,70
49,70
52,70
54,70
55,70
54,70
47,70
62,70
47,70
51,69
62,69
65,69
53,69
59,69
50,69
46,69
40,69
44,69
49,69
47,69
48,69
44,69
44,69
55,69
48,69
48,69
40,69
49,69
58,69
53,69
53,69
41,69
50,69
58,69
56,69
50,69
60,69
53,69
67,69
57,69
52,69
50,69
52,69
55,69
49,69
48,69
53,69
49,69
40,69
49,69
57,69
60,69
55,69
53,69
63,69
59,69
69,69
41,69
40,69
50,69
43,69
50,69
47,69
48,69
49,69
41,69
62,69
48,69
56,69
56,69
50,69
48,69
49,69
51,69
55,69
49,69
59,69
55,69
50,69
50,68
53,68
48,68
44,68
46,68
44,68
50,68
40,68
64,68
51,68
54,68
46,68
51,68
45,68
53,68
48,68
46,68
45,68
52,68
55,68
50,68
61,68
58,68
57,68
44,68
43,68
47,68
48,68
48,68
50,68
52,68
51,68
51,68
49,68
55,68
48,68
60,68
40,68
55,68
64,68
61,68
49,68
39,68
53,68
50,68
68,68
49,68
50,68
42,68
55,68
52,68
44,68
54,68
35,68
49,68
53,68
51,68
42,68
39,68
48,68
54,68
41,68
48,68
46,68
44,68
46,68
52,68
52,68
48,68
43,68
33,68
43,68
68,68
55,68
50,68
49,68
51,68
53,68
46,67
43,67
57,67
34,67
52,67
47,67
49,67
55,67
54,67
49,67
46,67
47,67
55,67
63,67
48,67
53,67
49,67
56,67
44,67
46,67
47,67
45,67
48,67
40,67
49,67
47,67
42,67
44,67
58,67
52,67
51,67
46,67
55,67
53,67
46,67
63,67
52,67
67,67
49,67
51,67
43,67
59,67
48,67
50,67
50,67
49,67
55,67
49,67
54,67
40,67
53,67
46,67
48,67
46,67
48,67
44,67
52,67
62,67
56,67
45,67
51,67
58,67
40,67
48,67
51,67
41,67
43,67
64,67
35,67
47,67
58,67
51,67
37,67
50,67
54,67
48,67
46,67
59,67
51,66
53,66
33,66
51,66
61,66
53,66
56,66
53,66
34,66
45,66
52,66
43,66
43,66
62,66
42,66
47,66
43,66
47,66
50,66
48,66
49,66
46,66
55,66
44,66
50,66
46,66
48,66
55,66
45,66
49,66
66,66
54,66
47,66
54,66
53,66
53,66
50,66
57,66
50,66
45,66
54,66
43,66
52,66
51,66
55,66
48,66
43,66
39,66
38,66
51,66
52,66
40,66
47,66
54,66
48,66
58,66
56,66
55,66
52,66
53,66
47,66
54,66
49,66
50,66
36,66
47,66
49,66
47,65
47,65
39,65
49,65
56,65
43,65
44,65
41,65
45,65
53,65
61,65
28,65
53,65
51,65
49,65
43,65
43,65
46,65
52,65
43,65
42,65
44,65
59,65
54,65
43,65
47,65
52,65
51,65
42,65
54,65
45,65
53,65
58,65
37,65
52,65
53,65
55,65
64,65
44,65
57,65
62,65
35,65
60,65
55,65
54,65
39,65
42,65
46,65
47,65
43,65
59,65
49,65
51,65
46,65
45,65
46,65
39,65
48,65
51,65
54,65
46,65
42,65
45,65
38,65
42,65
47,65
55,65
43,65
56,65
51,65
54,65
48,65
50,65
44,65
52,65
59,65
52,65
43,65
56,64
55,64
47,64
54,64
49,64
55,64
46,64
54,64
56,64
42,64
54,64
38,64
47,64
52,64
54,64
51,64
53,64
35,64
42,64
38,64
48,64
50,64
50,64
43,64
50,64
41,64
44,64
53,64
34,64
42,64
48,64
49,64
45,64
46,64
38,64
59,64
48,64
42,64
47,64
49,64
47,64
53,64
40,64
41,64
49,64
51,64
60,64
31,64
51,64
46,64
47,64
48,64
51,64
59,64
47,64
47,64
41,64
50,64
45,64
40,64
40,64
40,64
47,64
55,64
52,64
48,64
52,64
57,64
63,63
49,63
47,63
47,63
38,63
58,63
49,63
42,63
53,63
52,63
59,63
48,63
51,63
35,63
46,63
36,63
54,63
51,63
41,63
45,63
55,63
43,63
40,63
60,63
36,63
47,63
63,63
53,63
46,63
53,63
43,63
51,63
62,63
32,63
57,63
42,63
47,63
46,63
55,63
47,63
38,63
43,63
50,63
45,63
44,63
57,63
63,63
47,63
51,63
39,63
51,63
37,63
45,63
51,63
55,63
48,63
51,63
47,63
47,63
47,63
56,63
48,63
52,63
55,63
45,63
50,63
50,63
63,63
30,63
59,63
42,63
57,63
54,63
54,62
54,62
54,62
45,62
40,62
48,62
50,62
42,62
52,62
49,62
62,62
43,62
45,62
39,62
46,62
51,62
60,62
49,62
42,62
48,62
49,62
55,62
51,62
52,62
48,62
37,62
46,62
43,62
49,62
47,62
56,62
49,62
43,62
54,62
42,62
47,62
47,62
60,62
42,62
46,62
56,62
56,62
57,62
45,62
54,62
41,62
59,62
62,62
51,62
50,62
50,62
55,62
52,62
47,62
50,62
62,62
56,62
58,62
47,62
48,62
44,62
43,62
46,61
50,61
38,61
53,61
57,61
41,61
47,61
42,61
47,61
49,61
53,61
55,61
43,61
49,61
34,61
49,61
53,61
45,61
48,61
43,61
44,61
42,61
35,61
38,61
53,61
56,61
39,61
44,61
52,61
48,61
53,61
41,61
48,61
58,61
51,61
51,61
47,61
59,61
59,61
46,61
46,61
49,61
50,61
39,61
50,61
45,61
49,61
40,61
41,61
44,61
47,61
48,61
39,61
50,61
49,61
50,61
57,61
46,61
50,61
57,61
45,61
56,60
43,60
42,60
49,60
39,60
44,60
41,60
50,60
58,60
56,60
42,60
44,60
52,60
43,60
38,60
60,60
38,60
60,60
47,60
54,60
39,60
41,60
56,60
60,60
59,60
45,60
47,60
51,60
44,60
43,60
54,60
52,60
50,60
48,60
55,60
39,60
51,60
36,60
38,60
47,60
44,60
44,60
41,60
49,60
36,60
53,60
43,60
49,60
49,60
56,60
33,60
50,59
44,59
48,59
46,59
46,59
53,59
43,59
49,59
40,59
49,59
44,59
47,59
50,59
59,59
45,59
43,59
42,59
46,59
47,59
40,59
42,59
44,59
41,59
49,59
50,59
43,59
58,59
49,59
55,59
42,59
47,59
45,59
47,59
56,59
43,59
40,59
38,59
45,59
52,59
50,59
43,59
43,59
43,59
49,59
44,59
50,59
49,59
50,59
56,59
59,59
50,59
44,59
55,59
49,59
42,58
47,58
43,58
41,58
35,58
44,58
56,58
40,58
53,58
39,58
41,58
46,58
52,58
50,58
45,58
45,58
39,58
58,58
51,58
42,58
45,58
53,58
58,58
38,58
32,58
38,58
46,58
49,58
33,58
39,58
44,58
51,58
47,58
40,58
37,58
49,58
40,58
42,58
42,58
50,58
52,58
44,58
52,58
47,58
52,58
57,58
44,58
45,58
47,58
39,58
39,58
41,58
45,58
55,58
41,58
56,58
43,57
49,57
45,57
50,57
39,57
42,57
45,57
57,57
49,57
40,57
49,57
50,57
49,57
38,57
56,57
42,57
52,57
47,57
46,57
48,57
49,57
57,57
48,57
42,57
57,57
47,57
39,57
45,57
46,57
51,57
53,57
46,57
36,57
41,57
48,57
54,57
38,57
50,57
57,57
54,57
47,57
39,57
48,57
43,57
41,57
48,57
55,57
56,56
56,56
50,56
43,56
44,56
36,56
44,56
40,56
38,56
45,56
37,56
46,56
50,56
47,56
46,56
56,56
48,56
45,56
44,56
47,56
46,56
56,56
51,56
48,56
50,56
40,56
56,56
42,56
46,56
47,56
43,56
34,56
52,56
43,56
39,56
42,56
48,56
52,56
41,56
49,56
39,56
39,56
47,56
43,56
48,56
32,56
50,56
53,56
56,56
42,56
46,55
55,55
48,55
37,55
43,55
53,55
49,55
44,55
54,55
40,55
50,55
51,55
34,55
41,55
38,55
49,55
50,55
49,55
42,55
46,55
49,55
43,55
41,55
50,55
52,55
51,55
45,54
49,54
48,54
48,54
50,54
33,54
42,54
54,54
44,54
54,54
42,54
50,54
53,54
46,54
51,54
28,54
47,54
38,54
40,54
51,54
34,54
50,54
40,54
50,54
49,54
37,54
54,54
46,54
47,54
46,54
44,54
49,54
51,54
49,54
45,54
54,54
51,54
46,54
42,54
45,54
47,54
44,54
44,54
46,54
39,54
46,54
36,54
49,54
46,54
35,54
39,53
52,53
41,53
40,53
41,53
40,53
46,53
43,53
34,53
41,53
40,53
42,53
39,53
53,53
41,53
53,53
43,53
40,53
45,53
34,53
41,53
48,53
42,52
52,52
46,52
41,52
36,52
47,52
35,52
46,52
52,52
45,52
52,52
39,52
48,52
43,52
38,52
36,52
45,52
41,52
50,52
37,52
38,52
38,52
39,52
39,52
41,52
52,52
40,51
37,51
51,51
39,51
47,51
45,51
40,51
42,51
44,51
44,51
43,51
41,51
51,51
51,51
37,51
41,51
45,51
46,51
47,51
45,51
51,51
43,51
40,51
35,50
47,50
50,50
40,50
32,50
48,50
50,50
40,50
49,50
50,50
46,50
45,50
44,50
36,50
48,50
50,50
50,50
38,50
40,50
40,50
36,50
50,50
44,49
47,49
37,49
39,49
42,49
49,49
41,49
44,49
49,49
45,49
37,49
46,49
49,49
49,49
49,49
42,49
40,49
31,49
28,49
40,49
32,49
48,48
39,48
37,48
48,48
42,48
48,48
48,48
48,48
48,48
40,48
48,48
46,48
38,48
45,48
41,48
41,48
48,48
40,48
41,48
48,48
46,48
48,48
48,48
41,48
47,48
38,48
42,48
31,48
48,48
45,48
43,48
44,48
43,48
48,48
48,48
40,48
45,48
45,48
48,48
38,48
40,47
37,47
42,47
47,47
47,47
39,47
47,47
47,47
43,47
47,47
47,47
47,47
44,47
45,47
34,47
47,47
47,47
47,47
47,47
47,47
45,47
43,47
33,47
45,46
45,46
46,46
46,46
46,46
46,46
46,46
42,46
46,46
46,46
43,46
35,46
46,46
34,45
45,45
45,45
45,45
45,45
45,45
43,45
37,45
45,45
32,45
38,45
38,45
41,45
34,45
44,44
39,44
32,44
44,44
29,44
44,44
41,44
40,44
36,44
44,44
42,44
38,44
44,44
44,44
43,44
44,44
32,43
37,43
43,43
43,43
37,43
43,43
28,43
41,43
36,43
42,42
42,42
31,42
33,42
42,42
29,42
40,42
38,42
41,42
35,42
42,42
42,42
40,42
41,41
41,41
38,41
41,41
27,41
41,41
34,41
33,41
34,41
34,41
41,41
41,41
36,40
29,40
40,40
40,40
40,40
39,39
39,39
39,39
39,39
39,39
39,39
39,39
38,38
38,38
38,38
36,38
38,38
35,38
36,38
38,38
38,38
37,37
29,37
31,37
37,37
36,37
37,37
37,37
37,37
37,37
37,37
31,36
36,36
27,36
34,36
36,36
35,36
36,36
36,36
36,36
33,36
35,35
31,35
35,35
33,35
30,35
25,35
34,34
34,34
33,33
32,32
28,32
32,32
32,32
32,32
30,30
30,30
30,30
25,29
29,29
22,27
26,27
21,26
24,26
24,25
24,24
23,23